index,commission,entrust_action,entrust_no,fill_date,fill_no,fill_price,fill_size,fill_time,symbol,task_id,trade_date
0,0.0,Buy,4,20180102,201801020001,4.72,2339200.0,143000,600582.SH,201801020001,20180102
1,0.0,Buy,2,20180102,201801020002,6.98,1585000.0,143000,600757.SH,201801020001,20180102
2,0.0,Buy,7,20180102,201801020003,9.25,1201200.0,143000,000541.SZ,201801020001,20180102
3,0.0,Buy,8,20180102,201801020004,13.04,850100.0,143000,600037.SH,201801020001,20180102
4,0.0,Buy,6,20180102,201801020005,13.25,835400.0,143000,601311.SH,201801020001,20180102
5,0.0,Buy,9,20180102,201801020006,19.96,550100.0,143000,002440.SZ,201801020001,20180102
6,0.0,Buy,5,20180102,201801020007,13.19,838600.0,143000,000400.SZ,201801020001,20180102
7,0.0,Buy,1,20180102,201801020008,19.84,559500.0,143000,600195.SH,201801020001,20180102
8,0.0,Buy,3,20180102,201801020009,24.08,460300.0,143000,000581.SZ,201801020001,20180102
9,0.0,Sell,11,20180103,201801030010,6.99,144900.0,143000,600757.SH,201801030002,20180103
10,0.0,Sell,17,20180103,201801030011,9.25,112500.0,143000,000541.SZ,201801030002,20180103
11,0.0,Sell,14,20180103,201801030012,13.36,92400.0,143000,000400.SZ,201801030002,20180103
12,0.0,Sell,19,20180103,201801030013,20.15,47300.0,143000,002440.SZ,201801030002,20180103
13,0.0,Sell,12,20180103,201801030014,24.49,50700.0,143000,000581.SZ,201801030002,20180103
14,0.0,Sell,18,20180103,201801030015,13.11,81700.0,143000,600037.SH,201801030002,20180103
15,0.0,Sell,15,20180103,201801030016,13.32,81400.0,143000,601311.SH,201801030002,20180103
16,0.0,Sell,13,20180103,201801030017,4.85,277600.0,143000,600582.SH,201801030002,20180103
17,0.0,Sell,10,20180103,201801030018,20.04,53400.0,143000,600195.SH,201801030002,20180103
18,0.0,Buy,16,20180103,201801030019,24.79,401300.0,143000,600062.SH,201801030002,20180103
19,0.0,Buy,23,20180104,201801040020,4.9,509700.0,143000,600582.SH,201801040003,20180104
20,0.0,Buy,27,20180104,201801040021,9.28,270600.0,143000,000541.SZ,201801040003,20180104
21,0.0,Buy,29,20180104,201801040022,20.25,115700.0,143000,002440.SZ,201801040003,20180104
22,0.0,Buy,22,20180104,201801040023,24.39,105700.0,143000,000581.SZ,201801040003,20180104
23,0.0,Buy,25,20180104,201801040024,13.39,184300.0,143000,601311.SH,201801040003,20180104
24,0.0,Sell,26,20180104,201801040025,24.92,401300.0,143000,600062.SH,201801040003,20180104
25,0.0,Sell,21,20180104,201801040026,6.98,1440100.0,143000,600757.SH,201801040003,20180104
26,0.0,Buy,28,20180104,201801040027,13.06,192900.0,143000,600037.SH,201801040003,20180104
27,0.0,Buy,24,20180104,201801040028,13.37,194300.0,143000,000400.SZ,201801040003,20180104
28,0.0,Buy,20,20180104,201801040029,19.86,130200.0,143000,600195.SH,201801040003,20180104
29,0.0,Buy,38,20180105,201801050030,15.06,834300.0,143000,600329.SH,201801050004,20180105
30,0.0,Sell,31,20180105,201801050031,24.63,3900.0,143000,000581.SZ,201801050004,20180105
31,0.0,Sell,30,20180105,201801050032,19.74,636300.0,143000,600195.SH,201801050004,20180105
32,0.0,Sell,32,20180105,201801050033,4.93,8900.0,143000,600582.SH,201801050004,20180105
33,0.0,Buy,35,20180105,201801050034,9.23,6800.0,143000,000541.SZ,201801050004,20180105
34,0.0,Sell,33,20180105,201801050035,13.44,2300.0,143000,000400.SZ,201801050004,20180105
35,0.0,Buy,37,20180105,201801050036,20.1,5300.0,143000,002440.SZ,201801050004,20180105
36,0.0,Buy,34,20180105,201801050037,13.33,3400.0,143000,601311.SH,201801050004,20180105
37,0.0,Sell,36,20180105,201801050038,13.09,100.0,143000,600037.SH,201801050004,20180105
38,0.0,Sell,42,20180108,201801080039,13.36,179300.0,143000,000400.SZ,201801080005,20180108
39,0.0,Sell,45,20180108,201801080040,9.31,284000.0,143000,000541.SZ,201801080005,20180108
40,0.0,Sell,40,20180108,201801080041,24.87,104600.0,143000,000581.SZ,201801080005,20180108
41,0.0,Sell,47,20180108,201801080042,20.17,123700.0,143000,002440.SZ,201801080005,20180108
42,0.0,Sell,48,20180108,201801080043,15.25,174500.0,143000,600329.SH,201801080005,20180108
43,0.0,Buy,39,20180108,201801080044,20.01,508100.0,143000,600195.SH,201801080005,20180108
44,0.0,Buy,44,20180108,201801080045,24.27,415800.0,143000,600062.SH,201801080005,20180108
45,0.0,Sell,43,20180108,201801080046,13.34,180600.0,143000,601311.SH,201801080005,20180108
46,0.0,Sell,41,20180108,201801080047,5.0,526100.0,143000,600582.SH,201801080005,20180108
47,0.0,Sell,46,20180108,201801080048,13.05,183800.0,143000,600037.SH,201801080005,20180108
48,0.0,Sell,49,20180109,201801090049,19.91,508100.0,143000,600195.SH,201801090006,20180109
49,0.0,Sell,55,20180109,201801090050,25.12,17000.0,143000,600062.SH,201801090006,20180109
50,0.0,Buy,54,20180109,201801090051,13.26,6400.0,143000,601311.SH,201801090006,20180109
51,0.0,Sell,52,20180109,201801090052,5.02,19100.0,143000,600582.SH,201801090006,20180109
52,0.0,Buy,53,20180109,201801090053,13.35,4600.0,143000,000400.SZ,201801090006,20180109
53,0.0,Buy,56,20180109,201801090054,9.35,3100.0,143000,000541.SZ,201801090006,20180109
54,0.0,Buy,59,20180109,201801090055,15.24,5500.0,143000,600329.SH,201801090006,20180109
55,0.0,Buy,50,20180109,201801090056,7.07,1435100.0,143000,600757.SH,201801090006,20180109
56,0.0,Sell,51,20180109,201801090057,25.04,2600.0,143000,000581.SZ,201801090006,20180109
57,0.0,Buy,57,20180109,201801090058,13.01,4300.0,143000,600037.SH,201801090006,20180109
58,0.0,Buy,58,20180109,201801090059,19.9,11100.0,143000,002440.SZ,201801090006,20180109
59,0.0,Buy,69,20180110,201801100060,15.09,76400.0,143000,600329.SH,201801100007,20180110
60,0.0,Buy,68,20180110,201801100061,19.77,49500.0,143000,002440.SZ,201801100007,20180110
61,0.0,Buy,62,20180110,201801100062,4.96,257800.0,143000,600582.SH,201801100007,20180110
62,0.0,Buy,67,20180110,201801100063,12.94,81800.0,143000,600037.SH,201801100007,20180110
63,0.0,Buy,63,20180110,201801100064,13.06,94700.0,143000,000400.SZ,201801100007,20180110
64,0.0,Buy,66,20180110,201801100065,9.31,114700.0,143000,000541.SZ,201801100007,20180110
65,0.0,Buy,64,20180110,201801100066,13.11,84700.0,143000,601311.SH,201801100007,20180110
66,0.0,Buy,60,20180110,201801100067,6.98,159700.0,143000,600757.SH,201801100007,20180110
67,0.0,Sell,65,20180110,201801100068,25.06,398800.0,143000,600062.SH,201801100007,20180110
68,0.0,Buy,61,20180110,201801100069,24.88,43100.0,143000,000581.SZ,201801100007,20180110
69,0.0,Sell,74,20180111,201801110070,13.27,11300.0,143000,601311.SH,201801110008,20180111
70,0.0,Buy,72,20180111,201801110071,4.87,38300.0,143000,600582.SH,201801110008,20180111
71,0.0,Sell,70,20180111,201801110072,7.02,100.0,143000,600757.SH,201801110008,20180111
72,0.0,Buy,78,20180111,201801110073,15.07,3300.0,143000,600329.SH,201801110008,20180111
73,0.0,Buy,71,20180111,201801110074,24.91,2800.0,143000,000581.SZ,201801110008,20180111
74,0.0,Sell,76,20180111,201801110075,13.0,9200.0,143000,600037.SH,201801110008,20180111
75,0.0,Buy,73,20180111,201801110076,13.0,1300.0,143000,000400.SZ,201801110008,20180111
76,0.0,Sell,77,20180111,201801110077,19.97,7100.0,143000,002440.SZ,201801110008,20180111
77,0.0,Buy,75,20180111,201801110078,9.28,10300.0,143000,000541.SZ,201801110008,20180111
78,0.0,Sell,80,20180112,201801120079,7.03,13000.0,143000,600757.SH,201801120009,20180112
79,0.0,Sell,84,20180112,201801120080,13.39,4300.0,143000,601311.SH,201801120009,20180112
80,0.0,Buy,86,20180112,201801120081,13.08,300.0,143000,600037.SH,201801120009,20180112
81,0.0,Sell,83,20180112,201801120082,13.06,5600.0,143000,000400.SZ,201801120009,20180112
82,0.0,Buy,87,20180112,201801120083,19.76,17400.0,143000,002440.SZ,201801120009,20180112
83,0.0,Sell,88,20180112,201801120084,15.06,745000.0,143000,600329.SH,201801120009,20180112
84,0.0,Buy,79,20180112,201801120085,19.99,557600.0,143000,600195.SH,201801120009,20180112
85,0.0,Buy,81,20180112,201801120086,24.75,3300.0,143000,000581.SZ,201801120009,20180112
86,0.0,Sell,82,20180112,201801120087,4.91,22100.0,143000,600582.SH,201801120009,20180112
87,0.0,Sell,85,20180112,201801120088,9.23,1200.0,143000,000541.SZ,201801120009,20180112
88,0.0,Sell,89,20180115,201801150089,19.59,3300.0,143000,600195.SH,201801150010,20180115
89,0.0,Buy,92,20180115,201801150090,4.74,25300.0,143000,600582.SH,201801150010,20180115
90,0.0,Buy,91,20180115,201801150091,24.23,2300.0,143000,000581.SZ,201801150010,20180115
91,0.0,Sell,90,20180115,201801150092,6.94,7100.0,143000,600757.SH,201801150010,20180115
92,0.0,Buy,93,20180115,201801150093,12.75,9700.0,143000,000400.SZ,201801150010,20180115
93,0.0,Buy,96,20180115,201801150094,12.76,7000.0,143000,600037.SH,201801150010,20180115
94,0.0,Buy,94,20180115,201801150095,12.99,9600.0,143000,601311.SH,201801150010,20180115
95,0.0,Sell,97,20180115,201801150096,19.46,14400.0,143000,002440.SZ,201801150010,20180115
96,0.0,Sell,95,20180115,201801150097,9.12,12500.0,143000,000541.SZ,201801150010,20180115
97,0.0,Sell,103,20180116,201801160098,13.0,95700.0,143000,601311.SH,201801160011,20180116
98,0.0,Sell,106,20180116,201801160099,12.61,82000.0,143000,600037.SH,201801160011,20180116
99,0.0,Sell,101,20180116,201801160100,4.67,199000.0,143000,600582.SH,201801160011,20180116
100,0.0,Buy,108,20180116,201801160101,14.93,660800.0,143000,600329.SH,201801160011,20180116
101,0.0,Sell,102,20180116,201801160102,12.43,63700.0,143000,000400.SZ,201801160011,20180116
102,0.0,Sell,105,20180116,201801160103,9.15,122700.0,143000,000541.SZ,201801160011,20180116
103,0.0,Sell,99,20180116,201801160104,6.92,1574600.0,143000,600757.SH,201801160011,20180116
104,0.0,Sell,100,20180116,201801160105,24.81,67300.0,143000,000581.SZ,201801160011,20180116
105,0.0,Buy,104,20180116,201801160106,24.2,407700.0,143000,600062.SH,201801160011,20180116
106,0.0,Sell,98,20180116,201801160107,19.26,42800.0,143000,600195.SH,201801160011,20180116
107,0.0,Sell,107,20180116,201801160108,19.52,57000.0,143000,002440.SZ,201801160011,20180116
108,0.0,Buy,118,20180117,201801170109,19.32,27300.0,143000,002440.SZ,201801170012,20180117
109,0.0,Buy,117,20180117,201801170110,12.64,800.0,143000,600037.SH,201801170012,20180117
110,0.0,Buy,111,20180117,201801170111,25.39,400.0,143000,000581.SZ,201801170012,20180117
111,0.0,Buy,114,20180117,201801170112,13.05,3800.0,143000,601311.SH,201801170012,20180117
112,0.0,Buy,119,20180117,201801170113,14.91,4100.0,143000,600329.SH,201801170012,20180117
113,0.0,Buy,110,20180117,201801170114,7.03,1398200.0,143000,600757.SH,201801170012,20180117
114,0.0,Sell,116,20180117,201801170115,9.37,25500.0,143000,000541.SZ,201801170012,20180117
115,0.0,Buy,113,20180117,201801170116,12.17,15100.0,143000,000400.SZ,201801170012,20180117
116,0.0,Sell,109,20180117,201801170117,20.12,511500.0,143000,600195.SH,201801170012,20180117
117,0.0,Buy,112,20180117,201801170118,4.64,3700.0,143000,600582.SH,201801170012,20180117
118,0.0,Buy,115,20180117,201801170119,24.15,1300.0,143000,600062.SH,201801170012,20180117
119,0.0,Sell,131,20180118,201801180120,14.91,664900.0,143000,600329.SH,201801180013,20180118
120,0.0,Buy,130,20180118,201801180121,17.53,521200.0,143000,000887.SZ,201801180013,20180118
121,0.0,Sell,125,20180118,201801180122,13.03,54200.0,143000,601311.SH,201801180013,20180118
122,0.0,Sell,126,20180118,201801180123,24.25,29800.0,143000,600062.SH,201801180013,20180118
123,0.0,Sell,121,20180118,201801180124,7.06,108900.0,143000,600757.SH,201801180013,20180118
124,0.0,Sell,123,20180118,201801180125,4.79,253400.0,143000,600582.SH,201801180013,20180118
125,0.0,Buy,120,20180118,201801180126,20.47,445900.0,143000,600195.SH,201801180013,20180118
126,0.0,Sell,124,20180118,201801180127,12.27,77500.0,143000,000400.SZ,201801180013,20180118
127,0.0,Sell,127,20180118,201801180128,9.44,87800.0,143000,000541.SZ,201801180013,20180118
128,0.0,Sell,122,20180118,201801180129,25.41,31500.0,143000,000581.SZ,201801180013,20180118
129,0.0,Sell,129,20180118,201801180130,19.46,72700.0,143000,002440.SZ,201801180013,20180118
130,0.0,Sell,128,20180118,201801180131,12.78,65500.0,143000,600037.SH,201801180013,20180118
131,0.0,Buy,132,20180119,201801190132,20.27,5000.0,143000,600195.SH,201801190014,20180119
132,0.0,Buy,137,20180119,201801190133,12.86,7900.0,143000,601311.SH,201801190014,20180119
133,0.0,Sell,135,20180119,201801190134,4.84,1100.0,143000,600582.SH,201801190014,20180119
134,0.0,Sell,141,20180119,201801190135,20.29,2600.0,143000,002440.SZ,201801190014,20180119
135,0.0,Sell,142,20180119,201801190136,17.55,4400.0,143000,000887.SZ,201801190014,20180119
136,0.0,Sell,139,20180119,201801190137,9.5,500.0,143000,000541.SZ,201801190014,20180119
137,0.0,Buy,138,20180119,201801190138,23.81,3900.0,143000,600062.SH,201801190014,20180119
138,0.0,Buy,136,20180119,201801190139,12.34,400.0,143000,000400.SZ,201801190014,20180119
139,0.0,Sell,140,20180119,201801190140,12.79,5800.0,143000,600037.SH,201801190014,20180119
140,0.0,Sell,133,20180119,201801190141,7.07,1600.0,143000,600757.SH,201801190014,20180119
141,0.0,Sell,134,20180119,201801190142,25.7,3000.0,143000,000581.SZ,201801190014,20180119
142,0.0,Buy,146,20180122,201801220143,4.88,204300.0,143000,600582.SH,201801220015,20180122
143,0.0,Buy,151,20180122,201801220144,12.98,62600.0,143000,600037.SH,201801220015,20180122
144,0.0,Buy,149,20180122,201801220145,24.06,33500.0,143000,600062.SH,201801220015,20180122
145,0.0,Buy,147,20180122,201801220146,12.45,64500.0,143000,000400.SZ,201801220015,20180122
146,0.0,Buy,148,20180122,201801220147,12.76,76300.0,143000,601311.SH,201801220015,20180122
147,0.0,Sell,153,20180122,201801220148,17.37,516800.0,143000,000887.SZ,201801220015,20180122
148,0.0,Buy,143,20180122,201801220149,20.16,46700.0,143000,600195.SH,201801220015,20180122
149,0.0,Buy,152,20180122,201801220150,20.3,43300.0,143000,002440.SZ,201801220015,20180122
150,0.0,Buy,144,20180122,201801220151,7.13,122900.0,143000,600757.SH,201801220015,20180122
151,0.0,Buy,145,20180122,201801220152,25.68,36600.0,143000,000581.SZ,201801220015,20180122
152,0.0,Buy,150,20180122,201801220153,9.48,101700.0,143000,000541.SZ,201801220015,20180122
153,0.0,Sell,163,20180123,201801230154,20.59,43800.0,143000,002440.SZ,201801230016,20180123
154,0.0,Sell,162,20180123,201801230155,13.12,74300.0,143000,600037.SH,201801230016,20180123
155,0.0,Sell,161,20180123,201801230156,9.43,89200.0,143000,000541.SZ,201801230016,20180123
156,0.0,Sell,156,20180123,201801230157,25.64,32200.0,143000,000581.SZ,201801230016,20180123
157,0.0,Sell,154,20180123,201801230158,20.48,48100.0,143000,600195.SH,201801230016,20180123
158,0.0,Sell,155,20180123,201801230159,7.14,126200.0,143000,600757.SH,201801230016,20180123
159,0.0,Sell,160,20180123,201801230160,24.19,37800.0,143000,600062.SH,201801230016,20180123
160,0.0,Buy,164,20180123,201801230161,17.56,522800.0,143000,000887.SZ,201801230016,20180123
161,0.0,Sell,158,20180123,201801230162,12.5,67000.0,143000,000400.SZ,201801230016,20180123
162,0.0,Sell,159,20180123,201801230163,12.79,69000.0,143000,601311.SH,201801230016,20180123
163,0.0,Sell,157,20180123,201801230164,4.93,225800.0,143000,600582.SH,201801230016,20180123
164,0.0,Sell,167,20180124,201801240165,25.74,2200.0,143000,000581.SZ,201801240017,20180124
165,0.0,Sell,169,20180124,201801240166,12.51,2300.0,143000,000400.SZ,201801240017,20180124
166,0.0,Sell,172,20180124,201801240167,9.49,3500.0,143000,000541.SZ,201801240017,20180124
167,0.0,Sell,173,20180124,201801240168,13.26,7700.0,143000,600037.SH,201801240017,20180124
168,0.0,Buy,165,20180124,201801240169,20.0,9600.0,143000,600195.SH,201801240017,20180124
169,0.0,Sell,174,20180124,201801240170,20.48,1100.0,143000,002440.SZ,201801240017,20180124
170,0.0,Sell,166,20180124,201801240171,7.23,11600.0,143000,600757.SH,201801240017,20180124
171,0.0,Sell,175,20180124,201801240172,17.52,3100.0,143000,000887.SZ,201801240017,20180124
172,0.0,Buy,168,20180124,201801240173,4.91,24000.0,143000,600582.SH,201801240017,20180124
173,0.0,Buy,171,20180124,201801240174,24.11,3600.0,143000,600062.SH,201801240017,20180124
174,0.0,Sell,170,20180124,201801240175,12.84,1000.0,143000,601311.SH,201801240017,20180124
175,0.0,Buy,184,20180125,201801250176,13.37,77700.0,143000,600037.SH,201801250018,20180125
176,0.0,Buy,182,20180125,201801250177,24.23,33600.0,143000,600062.SH,201801250018,20180125
177,0.0,Buy,180,20180125,201801250178,12.66,70100.0,143000,000400.SZ,201801250018,20180125
178,0.0,Buy,183,20180125,201801250179,9.53,100300.0,143000,000541.SZ,201801250018,20180125
179,0.0,Sell,186,20180125,201801250180,17.58,519700.0,143000,000887.SZ,201801250018,20180125
180,0.0,Sell,176,20180125,201801250181,20.38,459100.0,143000,600195.SH,201801250018,20180125
181,0.0,Buy,179,20180125,201801250182,4.93,187000.0,143000,600582.SH,201801250018,20180125
182,0.0,Buy,177,20180125,201801250183,7.36,117700.0,143000,600757.SH,201801250018,20180125
183,0.0,Buy,185,20180125,201801250184,20.55,48100.0,143000,002440.SZ,201801250018,20180125
184,0.0,Buy,178,20180125,201801250185,25.65,38700.0,143000,000581.SZ,201801250018,20180125
185,0.0,Buy,181,20180125,201801250186,13.0,68500.0,143000,601311.SH,201801250018,20180125
186,0.0,Buy,187,20180125,201801250187,15.38,659100.0,143000,600329.SH,201801250018,20180125
187,0.0,Sell,189,20180126,201801260188,7.24,113900.0,143000,600757.SH,201801260019,20180126
188,0.0,Sell,191,20180126,201801260189,4.93,185200.0,143000,600582.SH,201801260019,20180126
189,0.0,Sell,194,20180126,201801260190,24.5,38700.0,143000,600062.SH,201801260019,20180126
190,0.0,Sell,197,20180126,201801260191,20.51,42600.0,143000,002440.SZ,201801260019,20180126
191,0.0,Sell,195,20180126,201801260192,9.57,105500.0,143000,000541.SZ,201801260019,20180126
192,0.0,Sell,192,20180126,201801260193,12.53,63800.0,143000,000400.SZ,201801260019,20180126
193,0.0,Buy,188,20180126,201801260194,20.6,455500.0,143000,600195.SH,201801260019,20180126
194,0.0,Sell,199,20180126,201801260195,15.29,659100.0,143000,600329.SH,201801260019,20180126
195,0.0,Sell,193,20180126,201801260196,12.98,71800.0,143000,601311.SH,201801260019,20180126
196,0.0,Sell,190,20180126,201801260197,26.38,46000.0,143000,000581.SZ,201801260019,20180126
197,0.0,Buy,198,20180126,201801260198,17.36,534600.0,143000,000887.SZ,201801260019,20180126
198,0.0,Sell,196,20180126,201801260199,13.35,70900.0,143000,600037.SH,201801260019,20180126
199,0.0,Buy,207,20180129,201801290200,9.48,6500.0,143000,000541.SZ,201801290020,20180129
200,0.0,Sell,202,20180129,201801290201,26.33,3100.0,143000,000581.SZ,201801290020,20180129
201,0.0,Sell,201,20180129,201801290202,7.22,6700.0,143000,600757.SH,201801290020,20180129
202,0.0,Buy,204,20180129,201801290203,12.4,2900.0,143000,000400.SZ,201801290020,20180129
203,0.0,Buy,203,20180129,201801290204,4.94,7700.0,143000,600582.SH,201801290020,20180129
204,0.0,Buy,200,20180129,201801290205,20.22,2200.0,143000,600195.SH,201801290020,20180129
205,0.0,Sell,208,20180129,201801290206,13.34,6400.0,143000,600037.SH,201801290020,20180129
206,0.0,Buy,209,20180129,201801290207,19.94,7500.0,143000,002440.SZ,201801290020,20180129
207,0.0,Sell,205,20180129,201801290208,12.89,2100.0,143000,601311.SH,201801290020,20180129
208,0.0,Sell,210,20180129,201801290209,17.22,3700.0,143000,000887.SZ,201801290020,20180129
209,0.0,Sell,206,20180129,201801290210,24.62,900.0,143000,600062.SH,201801290020,20180129
210,0.0,Buy,221,20180130,201801300211,17.21,4000.0,143000,000887.SZ,201801300021,20180130
211,0.0,Buy,212,20180130,201801300212,7.25,2600.0,143000,600757.SH,201801300021,20180130
212,0.0,Buy,219,20180130,201801300213,13.26,9800.0,143000,600037.SH,201801300021,20180130
213,0.0,Buy,213,20180130,201801300214,26.67,3700.0,143000,000581.SZ,201801300021,20180130
214,0.0,Sell,214,20180130,201801300215,4.93,23600.0,143000,600582.SH,201801300021,20180130
215,0.0,Buy,217,20180130,201801300216,23.56,18400.0,143000,600062.SH,201801300021,20180130
216,0.0,Buy,218,20180130,201801300217,9.41,8300.0,143000,000541.SZ,201801300021,20180130
217,0.0,Buy,215,20180130,201801300218,12.32,5700.0,143000,000400.SZ,201801300021,20180130
218,0.0,Sell,211,20180130,201801300219,20.3,3700.0,143000,600195.SH,201801300021,20180130
219,0.0,Buy,216,20180130,201801300220,12.85,3900.0,143000,601311.SH,201801300021,20180130
220,0.0,Sell,220,20180130,201801300221,20.93,34900.0,143000,002440.SZ,201801300021,20180130
221,0.0,Sell,223,20180131,201801310222,7.16,11000.0,143000,600757.SH,201801310022,20180131
222,0.0,Sell,232,20180131,201801310223,17.08,11000.0,143000,000887.SZ,201801310022,20180131
223,0.0,Buy,229,20180131,201801310224,9.2,10700.0,143000,000541.SZ,201801310022,20180131
224,0.0,Buy,226,20180131,201801310225,12.04,6000.0,143000,000400.SZ,201801310022,20180131
225,0.0,Sell,224,20180131,201801310226,25.95,3700.0,143000,000581.SZ,201801310022,20180131
226,0.0,Sell,228,20180131,201801310227,23.19,3100.0,143000,600062.SH,201801310022,20180131
227,0.0,Buy,231,20180131,201801310228,21.13,3500.0,143000,002440.SZ,201801310022,20180131
228,0.0,Sell,222,20180131,201801310229,19.99,300.0,143000,600195.SH,201801310022,20180131
229,0.0,Buy,230,20180131,201801310230,12.85,9100.0,143000,600037.SH,201801310022,20180131
230,0.0,Buy,227,20180131,201801310231,12.62,8600.0,143000,601311.SH,201801310022,20180131
231,0.0,Sell,225,20180131,201801310232,4.93,4200.0,143000,600582.SH,201801310022,20180131
232,0.0,Sell,242,20180201,201802010233,21.15,11200.0,143000,002440.SZ,201802010023,20180201
233,0.0,Buy,241,20180201,201802010234,12.6,100.0,143000,600037.SH,201802010023,20180201
234,0.0,Buy,235,20180201,201802010235,25.51,2500.0,143000,000581.SZ,201802010023,20180201
235,0.0,Buy,234,20180201,201802010236,7.05,5600.0,143000,600757.SH,201802010023,20180201
236,0.0,Buy,237,20180201,201802010237,11.72,13100.0,143000,000400.SZ,201802010023,20180201
237,0.0,Sell,240,20180201,201802010238,9.04,9700.0,143000,000541.SZ,201802010023,20180201
238,0.0,Buy,238,20180201,201802010239,11.77,31900.0,143000,601311.SH,201802010023,20180201
239,0.0,Sell,239,20180201,201802010240,22.67,3900.0,143000,600062.SH,201802010023,20180201
240,0.0,Sell,236,20180201,201802010241,4.78,31400.0,143000,600582.SH,201802010023,20180201
241,0.0,Buy,243,20180201,201802010242,16.83,5000.0,143000,000887.SZ,201802010023,20180201
242,0.0,Sell,233,20180201,201802010243,19.78,7600.0,143000,600195.SH,201802010023,20180201
243,0.0,Sell,249,20180202,201802020244,11.61,63800.0,143000,601311.SH,201802020024,20180202
244,0.0,Sell,244,20180202,201802020245,19.51,27600.0,143000,600195.SH,201802020024,20180202
245,0.0,Sell,253,20180202,201802020246,20.93,41700.0,143000,002440.SZ,201802020024,20180202
246,0.0,Sell,247,20180202,201802020247,4.84,173300.0,143000,600582.SH,201802020024,20180202
247,0.0,Sell,251,20180202,201802020248,8.96,78900.0,143000,000541.SZ,201802020024,20180202
248,0.0,Sell,250,20180202,201802020249,23.04,38700.0,143000,600062.SH,201802020024,20180202
249,0.0,Buy,254,20180202,201802020250,13.97,578000.0,143000,600633.SH,201802020024,20180202
250,0.0,Sell,246,20180202,201802020251,25.09,29600.0,143000,000581.SZ,201802020024,20180202
251,0.0,Sell,248,20180202,201802020252,11.37,59600.0,143000,000400.SZ,201802020024,20180202
252,0.0,Sell,255,20180202,201802020253,16.76,44400.0,143000,000887.SZ,201802020024,20180202
253,0.0,Sell,245,20180202,201802020254,6.96,106100.0,143000,600757.SH,201802020024,20180202
254,0.0,Sell,252,20180202,201802020255,12.24,45000.0,143000,600037.SH,201802020024,20180202
255,0.0,Buy,262,20180205,201802050256,22.77,8000.0,143000,600062.SH,201802050025,20180205
256,0.0,Sell,261,20180205,201802050257,11.7,8600.0,143000,601311.SH,201802050025,20180205
257,0.0,Buy,257,20180205,201802050258,6.98,2600.0,143000,600757.SH,201802050025,20180205
258,0.0,Sell,265,20180205,201802050259,22.08,13400.0,143000,002440.SZ,201802050025,20180205
259,0.0,Buy,260,20180205,201802050260,11.37,10500.0,143000,000400.SZ,201802050025,20180205
260,0.0,Sell,258,20180205,201802050261,25.41,1100.0,143000,000581.SZ,201802050025,20180205
261,0.0,Sell,259,20180205,201802050262,4.98,21300.0,143000,600582.SH,201802050025,20180205
262,0.0,Buy,263,20180205,201802050263,8.97,5600.0,143000,000541.SZ,201802050025,20180205
263,0.0,Sell,256,20180205,201802050264,19.26,5700.0,143000,600195.SH,201802050025,20180205
264,0.0,Buy,267,20180205,201802050265,16.46,12600.0,143000,000887.SZ,201802050025,20180205
265,0.0,Buy,264,20180205,201802050266,12.24,2300.0,143000,600037.SH,201802050025,20180205
266,0.0,Buy,266,20180205,201802050267,13.95,3400.0,143000,600633.SH,201802050025,20180205
267,0.0,Sell,273,20180206,201802060268,11.59,2700.0,143000,601311.SH,201802060026,20180206
268,0.0,Sell,271,20180206,201802060269,4.84,6700.0,143000,600582.SH,201802060026,20180206
269,0.0,Buy,277,20180206,201802060270,13.49,17900.0,143000,600633.SH,201802060026,20180206
270,0.0,Sell,274,20180206,201802060271,22.25,13900.0,143000,600062.SH,201802060026,20180206
271,0.0,Buy,275,20180206,201802060272,8.69,9000.0,143000,000541.SZ,201802060026,20180206
272,0.0,Sell,276,20180206,201802060273,22.2,10000.0,143000,002440.SZ,201802060026,20180206
273,0.0,Buy,268,20180206,201802060274,18.88,4800.0,143000,600195.SH,201802060026,20180206
274,0.0,Sell,272,20180206,201802060275,10.98,4500.0,143000,000400.SZ,201802060026,20180206
275,0.0,Sell,269,20180206,201802060276,6.82,10200.0,143000,600757.SH,201802060026,20180206
276,0.0,Sell,270,20180206,201802060277,24.74,700.0,143000,000581.SZ,201802060026,20180206
277,0.0,Buy,278,20180206,201802060278,15.24,22200.0,143000,000887.SZ,201802060026,20180206
278,0.0,Sell,291,20180207,201802070279,13.04,136500.0,143000,600633.SH,201802070027,20180207
279,0.0,Sell,287,20180207,201802070280,21.73,60600.0,143000,600062.SH,201802070027,20180207
280,0.0,Sell,285,20180207,201802070281,10.78,154600.0,143000,000400.SZ,201802070027,20180207
281,0.0,Sell,292,20180207,201802070282,14.1,102500.0,143000,000887.SZ,201802070027,20180207
282,0.0,Sell,288,20180207,201802070283,8.47,205000.0,143000,000541.SZ,201802070027,20180207
283,0.0,Buy,289,20180207,201802070284,11.08,551700.0,143000,002233.SZ,201802070027,20180207
284,0.0,Sell,290,20180207,201802070285,21.57,69300.0,143000,002440.SZ,201802070027,20180207
285,0.0,Sell,284,20180207,201802070286,4.76,341200.0,143000,600582.SH,201802070027,20180207
286,0.0,Buy,283,20180207,201802070287,5.47,1099300.0,143000,002195.SZ,201802070027,20180207
287,0.0,Sell,279,20180207,201802070288,18.85,98300.0,143000,600195.SH,201802070027,20180207
288,0.0,Sell,280,20180207,201802070289,6.72,257600.0,143000,600757.SH,201802070027,20180207
289,0.0,Sell,286,20180207,201802070290,11.21,153100.0,143000,601311.SH,201802070027,20180207
290,0.0,Sell,281,20180207,201802070291,24.57,69900.0,143000,000581.SZ,201802070027,20180207
291,0.0,Buy,282,20180207,201802070292,7.98,756900.0,143000,601128.SH,201802070027,20180207
292,0.0,Buy,297,20180208,201802080293,5.55,91100.0,143000,002195.SZ,201802080028,20180208
293,0.0,Buy,306,20180208,201802080294,13.19,39900.0,143000,600633.SH,201802080028,20180208
294,0.0,Sell,304,20180208,201802080295,12.11,122000.0,143000,600037.SH,201802080028,20180208
295,0.0,Buy,302,20180208,201802080296,8.55,67000.0,143000,000541.SZ,201802080028,20180208
296,0.0,Buy,293,20180208,201802080297,18.94,30600.0,143000,600195.SH,201802080028,20180208
297,0.0,Buy,298,20180208,201802080298,4.63,158200.0,143000,600582.SH,201802080028,20180208
298,0.0,Buy,299,20180208,201802080299,10.86,47800.0,143000,000400.SZ,201802080028,20180208
299,0.0,Buy,305,20180208,201802080300,21.17,26300.0,143000,002440.SZ,201802080028,20180208
300,0.0,Buy,295,20180208,201802080301,24.08,29200.0,143000,000581.SZ,201802080028,20180208
301,0.0,Buy,294,20180208,201802080302,6.75,83600.0,143000,600757.SH,201802080028,20180208
302,0.0,Buy,301,20180208,201802080303,21.46,26400.0,143000,600062.SH,201802080028,20180208
303,0.0,Sell,296,20180208,201802080304,7.76,756900.0,143000,601128.SH,201802080028,20180208
304,0.0,Buy,303,20180208,201802080305,10.85,65700.0,143000,002233.SZ,201802080028,20180208
305,0.0,Buy,307,20180208,201802080306,14.57,24100.0,143000,000887.SZ,201802080028,20180208
306,0.0,Buy,300,20180208,201802080307,11.7,41100.0,143000,601311.SH,201802080028,20180208
307,0.0,Sell,316,20180209,201802090308,8.25,8500.0,143000,000541.SZ,201802090029,20180209
308,0.0,Sell,315,20180209,201802090309,21.0,12400.0,143000,600062.SH,201802090029,20180209
309,0.0,Sell,320,20180209,201802090310,12.87,8900.0,143000,600633.SH,201802090029,20180209
310,0.0,Sell,313,20180209,201802090311,10.92,20900.0,143000,000400.SZ,201802090029,20180209
311,0.0,Buy,312,20180209,201802090312,4.33,59000.0,143000,600582.SH,201802090029,20180209
312,0.0,Sell,314,20180209,201802090313,11.33,3700.0,143000,601311.SH,201802090029,20180209
313,0.0,Sell,321,20180209,201802090314,14.89,15800.0,143000,000887.SZ,201802090029,20180209
314,0.0,Buy,310,20180209,201802090315,22.68,7800.0,143000,000581.SZ,201802090029,20180209
315,0.0,Buy,309,20180209,201802090316,6.48,11300.0,143000,600757.SH,201802090029,20180209
316,0.0,Buy,319,20180209,201802090317,19.65,20000.0,143000,002440.SZ,201802090029,20180209
317,0.0,Sell,311,20180209,201802090318,5.42,12200.0,143000,002195.SZ,201802090029,20180209
318,0.0,Buy,308,20180209,201802090319,18.12,6300.0,143000,600195.SH,201802090029,20180209
319,0.0,Sell,318,20180209,201802090320,11.89,4900.0,143000,600037.SH,201802090029,20180209
320,0.0,Buy,317,20180209,201802090321,10.24,8900.0,143000,002233.SZ,201802090029,20180209
321,0.0,Buy,334,20180212,201802120322,13.18,100.0,143000,600633.SH,201802120030,20180212
322,0.0,Sell,322,20180212,201802120323,18.64,9400.0,143000,600195.SH,201802120030,20180212
323,0.0,Buy,323,20180212,201802120324,6.51,4600.0,143000,600757.SH,201802120030,20180212
324,0.0,Sell,328,20180212,201802120325,11.56,2400.0,143000,601311.SH,201802120030,20180212
325,0.0,Buy,325,20180212,201802120326,5.5,700.0,143000,002195.SZ,201802120030,20180212
326,0.0,Buy,329,20180212,201802120327,21.34,7100.0,143000,600062.SH,201802120030,20180212
327,0.0,Buy,330,20180212,201802120328,8.38,6400.0,143000,000541.SZ,201802120030,20180212
328,0.0,Buy,332,20180212,201802120329,11.92,5600.0,143000,600037.SH,201802120030,20180212
329,0.0,Sell,335,20180212,201802120330,15.33,8000.0,143000,000887.SZ,201802120030,20180212
330,0.0,Buy,324,20180212,201802120331,22.73,1300.0,143000,000581.SZ,201802120030,20180212
331,0.0,Sell,326,20180212,201802120332,4.41,15900.0,143000,600582.SH,201802120030,20180212
332,0.0,Buy,327,20180212,201802120333,11.03,5300.0,143000,000400.SZ,201802120030,20180212
333,0.0,Sell,333,20180212,201802120334,19.55,200.0,143000,002440.SZ,201802120030,20180212
334,0.0,Buy,331,20180212,201802120335,10.32,600.0,143000,002233.SZ,201802120030,20180212
335,0.0,Buy,337,20180213,201802130336,6.6,5200.0,143000,600757.SH,201802130031,20180213
336,0.0,Sell,336,20180213,201802130337,19.09,2100.0,143000,600195.SH,201802130031,20180213
337,0.0,Buy,339,20180213,201802130338,5.51,19200.0,143000,002195.SZ,201802130031,20180213
338,0.0,Sell,343,20180213,201802130339,21.63,2100.0,143000,600062.SH,201802130031,20180213
339,0.0,Buy,349,20180213,201802130340,15.47,11200.0,143000,000887.SZ,201802130031,20180213
340,0.0,Buy,348,20180213,201802130341,13.23,3700.0,143000,600633.SH,201802130031,20180213
341,0.0,Buy,346,20180213,201802130342,11.96,4700.0,143000,600037.SH,201802130031,20180213
342,0.0,Buy,340,20180213,201802130343,4.45,4400.0,143000,600582.SH,201802130031,20180213
343,0.0,Buy,338,20180213,201802130344,22.99,2600.0,143000,000581.SZ,201802130031,20180213
344,0.0,Sell,345,20180213,201802130345,10.59,8100.0,143000,002233.SZ,201802130031,20180213
345,0.0,Sell,342,20180213,201802130346,11.75,3800.0,143000,601311.SH,201802130031,20180213
346,0.0,Buy,344,20180213,201802130347,8.47,1300.0,143000,000541.SZ,201802130031,20180213
347,0.0,Buy,341,20180213,201802130348,11.01,9600.0,143000,000400.SZ,201802130031,20180213
348,0.0,Sell,347,20180213,201802130349,20.72,19000.0,143000,002440.SZ,201802130031,20180213
349,0.0,Buy,352,20180214,201802140350,22.82,700.0,143000,000581.SZ,201802140032,20180214
350,0.0,Sell,355,20180214,201802140351,11.14,9100.0,143000,000400.SZ,201802140032,20180214
351,0.0,Buy,363,20180214,201802140352,15.32,3400.0,143000,000887.SZ,201802140032,20180214
352,0.0,Sell,354,20180214,201802140353,4.46,13100.0,143000,600582.SH,201802140032,20180214
353,0.0,Buy,357,20180214,201802140354,21.49,3600.0,143000,600062.SH,201802140032,20180214
354,0.0,Buy,360,20180214,201802140355,11.91,2600.0,143000,600037.SH,201802140032,20180214
355,0.0,Buy,358,20180214,201802140356,8.44,1800.0,143000,000541.SZ,201802140032,20180214
356,0.0,Buy,353,20180214,201802140357,5.45,10000.0,143000,002195.SZ,201802140032,20180214
357,0.0,Sell,361,20180214,201802140358,21.05,500.0,143000,002440.SZ,201802140032,20180214
358,0.0,Buy,362,20180214,201802140359,13.02,9300.0,143000,600633.SH,201802140032,20180214
359,0.0,Sell,351,20180214,201802140360,6.6,7400.0,143000,600757.SH,201802140032,20180214
360,0.0,Sell,350,20180214,201802140361,19.34,4300.0,143000,600195.SH,201802140032,20180214
361,0.0,Buy,359,20180214,201802140362,10.58,600.0,143000,002233.SZ,201802140032,20180214
362,0.0,Sell,356,20180214,201802140363,11.87,5800.0,143000,601311.SH,201802140032,20180214
363,0.0,Sell,375,20180222,201802220364,22.66,21900.0,143000,002440.SZ,201802220033,20180222
364,0.0,Buy,364,20180222,201802220365,19.7,2200.0,143000,600195.SH,201802220033,20180222
365,0.0,Buy,370,20180222,201802220366,12.05,6600.0,143000,601311.SH,201802220033,20180222
366,0.0,Buy,368,20180222,201802220367,4.55,7400.0,143000,600582.SH,201802220033,20180222
367,0.0,Buy,371,20180222,201802220368,21.86,900.0,143000,600062.SH,201802220033,20180222
368,0.0,Sell,367,20180222,201802220369,5.56,7600.0,143000,002195.SZ,201802220033,20180222
369,0.0,Buy,365,20180222,201802220370,6.71,10600.0,143000,600757.SH,201802220033,20180222
370,0.0,Buy,369,20180222,201802220371,11.19,10800.0,143000,000400.SZ,201802220033,20180222
371,0.0,Buy,374,20180222,201802220372,11.95,10300.0,143000,600037.SH,201802220033,20180222
372,0.0,Sell,366,20180222,201802220373,23.27,1100.0,143000,000581.SZ,201802220033,20180222
373,0.0,Buy,377,20180222,201802220374,15.5,1100.0,143000,000887.SZ,201802220033,20180222
374,0.0,Buy,376,20180222,201802220375,13.16,3700.0,143000,600633.SH,201802220033,20180222
375,0.0,Sell,373,20180222,201802220376,10.88,2100.0,143000,002233.SZ,201802220033,20180222
376,0.0,Buy,372,20180222,201802220377,8.56,4800.0,143000,000541.SZ,201802220033,20180222
377,0.0,Buy,384,20180223,201802230378,12.03,45200.0,143000,601311.SH,201802230034,20180223
378,0.0,Buy,379,20180223,201802230379,6.7,81500.0,143000,600757.SH,201802230034,20180223
379,0.0,Buy,380,20180223,201802230380,23.53,20500.0,143000,000581.SZ,201802230034,20180223
380,0.0,Sell,381,20180223,201802230381,5.56,1200500.0,143000,002195.SZ,201802230034,20180223
381,0.0,Buy,386,20180223,201802230382,8.62,60600.0,143000,000541.SZ,201802230034,20180223
382,0.0,Buy,385,20180223,201802230383,22.04,24000.0,143000,600062.SH,201802230034,20180223
383,0.0,Buy,390,20180223,201802230384,13.24,37700.0,143000,600633.SH,201802230034,20180223
384,0.0,Buy,389,20180223,201802230385,23.25,19000.0,143000,002440.SZ,201802230034,20180223
385,0.0,Buy,378,20180223,201802230386,19.85,23500.0,143000,600195.SH,201802230034,20180223
386,0.0,Buy,391,20180223,201802230387,15.54,36100.0,143000,000887.SZ,201802230034,20180223
387,0.0,Buy,388,20180223,201802230388,11.87,50700.0,143000,600037.SH,201802230034,20180223
388,0.0,Buy,383,20180223,201802230389,11.14,51200.0,143000,000400.SZ,201802230034,20180223
389,0.0,Buy,382,20180223,201802230390,4.6,95700.0,143000,600582.SH,201802230034,20180223
390,0.0,Buy,387,20180223,201802230391,11.06,43500.0,143000,002233.SZ,201802230034,20180223
391,0.0,Sell,403,20180226,201802260392,13.53,5600.0,143000,600633.SH,201802260035,20180226
392,0.0,Buy,393,20180226,201802260393,6.76,4900.0,143000,600757.SH,201802260035,20180226
393,0.0,Sell,401,20180226,201802260394,12.12,15000.0,143000,600037.SH,201802260035,20180226
394,0.0,Sell,397,20180226,201802260395,12.23,500.0,143000,601311.SH,201802260035,20180226
395,0.0,Buy,394,20180226,201802260396,23.88,200.0,143000,000581.SZ,201802260035,20180226
396,0.0,Buy,399,20180226,201802260397,8.72,1300.0,143000,000541.SZ,201802260035,20180226
397,0.0,Buy,392,20180226,201802260398,20.0,4400.0,143000,600195.SH,201802260035,20180226
398,0.0,Sell,404,20180226,201802260399,15.73,400.0,143000,000887.SZ,201802260035,20180226
399,0.0,Buy,400,20180226,201802260400,11.15,700.0,143000,002233.SZ,201802260035,20180226
400,0.0,Buy,398,20180226,201802260401,22.25,600.0,143000,600062.SH,201802260035,20180226
401,0.0,Sell,396,20180226,201802260402,11.23,2600.0,143000,000400.SZ,201802260035,20180226
402,0.0,Buy,395,20180226,201802260403,4.65,12300.0,143000,600582.SH,201802260035,20180226
403,0.0,Buy,402,20180226,201802260404,23.47,3700.0,143000,002440.SZ,201802260035,20180226
404,0.0,Sell,410,20180227,201802270405,12.3,44500.0,143000,601311.SH,201802270036,20180227
405,0.0,Sell,413,20180227,201802270406,11.05,38000.0,143000,002233.SZ,201802270036,20180227
406,0.0,Sell,415,20180227,201802270407,23.67,26400.0,143000,002440.SZ,201802270036,20180227
407,0.0,Sell,406,20180227,201802270408,6.77,73600.0,143000,600757.SH,201802270036,20180227
408,0.0,Sell,407,20180227,201802270409,23.84,18500.0,143000,000581.SZ,201802270036,20180227
409,0.0,Buy,418,20180227,201802270410,13.47,510500.0,143000,600329.SH,201802270036,20180227
410,0.0,Sell,412,20180227,201802270411,8.71,53400.0,143000,000541.SZ,201802270036,20180227
411,0.0,Sell,417,20180227,201802270412,16.25,44400.0,143000,000887.SZ,201802270036,20180227
412,0.0,Sell,416,20180227,201802270413,13.73,40400.0,143000,600633.SH,201802270036,20180227
413,0.0,Sell,411,20180227,201802270414,22.46,25600.0,143000,600062.SH,201802270036,20180227
414,0.0,Sell,405,20180227,201802270415,20.17,29200.0,143000,600195.SH,201802270036,20180227
415,0.0,Sell,414,20180227,201802270416,12.21,36600.0,143000,600037.SH,201802270036,20180227
416,0.0,Sell,409,20180227,201802270417,11.41,48800.0,143000,000400.SZ,201802270036,20180227
417,0.0,Sell,408,20180227,201802270418,4.62,94500.0,143000,600582.SH,201802270036,20180227
418,0.0,Buy,431,20180228,201802280419,16.47,20400.0,143000,000887.SZ,201802280037,20180228
419,0.0,Buy,423,20180228,201802280420,11.32,50200.0,143000,000400.SZ,201802280037,20180228
420,0.0,Buy,420,20180228,201802280421,6.77,79200.0,143000,600757.SH,201802280037,20180228
421,0.0,Buy,425,20180228,201802280422,22.32,28100.0,143000,600062.SH,201802280037,20180228
422,0.0,Buy,430,20180228,201802280423,13.8,31000.0,143000,600633.SH,201802280037,20180228
423,0.0,Buy,427,20180228,201802280424,10.95,52100.0,143000,002233.SZ,201802280037,20180228
424,0.0,Buy,424,20180228,201802280425,12.3,43800.0,143000,601311.SH,201802280037,20180228
425,0.0,Buy,422,20180228,201802280426,4.59,122100.0,143000,600582.SH,201802280037,20180228
426,0.0,Buy,428,20180228,201802280427,12.18,45200.0,143000,600037.SH,201802280037,20180228
427,0.0,Buy,421,20180228,201802280428,23.74,21900.0,143000,000581.SZ,201802280037,20180228
428,0.0,Sell,432,20180228,201802280429,13.49,510500.0,143000,600329.SH,201802280037,20180228
429,0.0,Buy,429,20180228,201802280430,23.59,28900.0,143000,002440.SZ,201802280037,20180228
430,0.0,Buy,419,20180228,201802280431,20.42,23000.0,143000,600195.SH,201802280037,20180228
431,0.0,Buy,426,20180228,201802280432,8.73,53300.0,143000,000541.SZ,201802280037,20180228
432,0.0,Sell,436,20180301,201803010433,4.58,92400.0,143000,600582.SH,201803010038,20180301
433,0.0,Sell,435,20180301,201803010434,23.7,20300.0,143000,000581.SZ,201803010038,20180301
434,0.0,Sell,441,20180301,201803010435,11.05,47100.0,143000,002233.SZ,201803010038,20180301
435,0.0,Sell,438,20180301,201803010436,12.58,50100.0,143000,601311.SH,201803010038,20180301
436,0.0,Sell,439,20180301,201803010437,22.34,23500.0,143000,600062.SH,201803010038,20180301
437,0.0,Buy,446,20180301,201803010438,13.58,507100.0,143000,600329.SH,201803010038,20180301
438,0.0,Sell,434,20180301,201803010439,6.8,79300.0,143000,600757.SH,201803010038,20180301
439,0.0,Sell,437,20180301,201803010440,11.57,59900.0,143000,000400.SZ,201803010038,20180301
440,0.0,Sell,442,20180301,201803010441,12.27,48400.0,143000,600037.SH,201803010038,20180301
441,0.0,Sell,445,20180301,201803010442,16.65,27100.0,143000,000887.SZ,201803010038,20180301
442,0.0,Sell,440,20180301,201803010443,8.78,57200.0,143000,000541.SZ,201803010038,20180301
443,0.0,Sell,433,20180301,201803010444,20.38,25000.0,143000,600195.SH,201803010038,20180301
444,0.0,Sell,443,20180301,201803010445,23.93,21900.0,143000,002440.SZ,201803010038,20180301
445,0.0,Sell,444,20180301,201803010446,13.91,37800.0,143000,600633.SH,201803010038,20180301
446,0.0,Buy,447,20180302,201803020447,20.13,32900.0,143000,600195.SH,201803020039,20180302
447,0.0,Buy,451,20180302,201803020448,11.67,54100.0,143000,000400.SZ,201803020039,20180302
448,0.0,Buy,453,20180302,201803020449,22.11,30400.0,143000,600062.SH,201803020039,20180302
449,0.0,Buy,449,20180302,201803020450,23.57,26500.0,143000,000581.SZ,201803020039,20180302
450,0.0,Buy,457,20180302,201803020451,24.19,14800.0,143000,002440.SZ,201803020039,20180302
451,0.0,Sell,460,20180302,201803020452,13.51,507100.0,143000,600329.SH,201803020039,20180302
452,0.0,Sell,456,20180302,201803020453,13.28,10500.0,143000,600037.SH,201803020039,20180302
453,0.0,Buy,450,20180302,201803020454,4.57,127700.0,143000,600582.SH,201803020039,20180302
454,0.0,Buy,459,20180302,201803020455,16.64,32500.0,143000,000887.SZ,201803020039,20180302
455,0.0,Buy,458,20180302,201803020456,14.01,35100.0,143000,600633.SH,201803020039,20180302
456,0.0,Buy,448,20180302,201803020457,6.79,88700.0,143000,600757.SH,201803020039,20180302
457,0.0,Buy,452,20180302,201803020458,12.46,47500.0,143000,601311.SH,201803020039,20180302
458,0.0,Buy,454,20180302,201803020459,8.73,69300.0,143000,000541.SZ,201803020039,20180302
459,0.0,Buy,455,20180302,201803020460,10.96,56600.0,143000,002233.SZ,201803020039,20180302
460,0.0,Buy,469,20180305,201803050461,10.94,54600.0,143000,002233.SZ,201803050040,20180305
461,0.0,Buy,470,20180305,201803050462,13.19,55600.0,143000,600037.SH,201803050040,20180305
462,0.0,Buy,464,20180305,201803050463,4.55,135300.0,143000,600582.SH,201803050040,20180305
463,0.0,Buy,462,20180305,201803050464,6.8,72400.0,143000,600757.SH,201803050040,20180305
464,0.0,Buy,465,20180305,201803050465,11.59,49800.0,143000,000400.SZ,201803050040,20180305
465,0.0,Buy,461,20180305,201803050466,20.53,14500.0,143000,600195.SH,201803050040,20180305
466,0.0,Buy,467,20180305,201803050467,21.76,32200.0,143000,600062.SH,201803050040,20180305
467,0.0,Buy,468,20180305,201803050468,8.74,66200.0,143000,000541.SZ,201803050040,20180305
468,0.0,Buy,466,20180305,201803050469,12.51,48800.0,143000,601311.SH,201803050040,20180305
469,0.0,Buy,471,20180305,201803050470,23.74,43500.0,143000,002440.SZ,201803050040,20180305
470,0.0,Sell,472,20180305,201803050471,13.91,530600.0,143000,600633.SH,201803050040,20180305
471,0.0,Buy,473,20180305,201803050472,16.51,35800.0,143000,000887.SZ,201803050040,20180305
472,0.0,Buy,463,20180305,201803050473,23.69,23000.0,143000,000581.SZ,201803050040,20180305
473,0.0,Sell,484,20180306,201803060474,23.47,45300.0,143000,002440.SZ,201803060041,20180306
474,0.0,Sell,474,20180306,201803060475,20.78,21400.0,143000,600195.SH,201803060041,20180306
475,0.0,Buy,485,20180306,201803060476,14.12,535800.0,143000,600633.SH,201803060041,20180306
476,0.0,Sell,480,20180306,201803060477,22.61,41800.0,143000,600062.SH,201803060041,20180306
477,0.0,Sell,476,20180306,201803060478,23.73,23700.0,143000,000581.SZ,201803060041,20180306
478,0.0,Sell,477,20180306,201803060479,4.56,127900.0,143000,600582.SH,201803060041,20180306
479,0.0,Sell,482,20180306,201803060480,11.1,61300.0,143000,002233.SZ,201803060041,20180306
480,0.0,Sell,475,20180306,201803060481,6.86,74700.0,143000,600757.SH,201803060041,20180306
481,0.0,Sell,481,20180306,201803060482,8.87,70400.0,143000,000541.SZ,201803060041,20180306
482,0.0,Sell,483,20180306,201803060483,13.25,32400.0,143000,600037.SH,201803060041,20180306
483,0.0,Sell,478,20180306,201803060484,11.58,45900.0,143000,000400.SZ,201803060041,20180306
484,0.0,Sell,479,20180306,201803060485,12.52,39500.0,143000,601311.SH,201803060041,20180306
485,0.0,Sell,486,20180306,201803060486,16.87,36900.0,143000,000887.SZ,201803060041,20180306
486,0.0,Buy,493,20180307,201803070487,22.94,24200.0,143000,600062.SH,201803070042,20180307
487,0.0,Buy,490,20180307,201803070488,4.57,140700.0,143000,600582.SH,201803070042,20180307
488,0.0,Sell,498,20180307,201803070489,14.05,535800.0,143000,600633.SH,201803070042,20180307
489,0.0,Buy,487,20180307,201803070490,21.36,13800.0,143000,600195.SH,201803070042,20180307
490,0.0,Buy,489,20180307,201803070491,23.69,29400.0,143000,000581.SZ,201803070042,20180307
491,0.0,Buy,495,20180307,201803070492,11.1,60800.0,143000,002233.SZ,201803070042,20180307
492,0.0,Buy,491,20180307,201803070493,11.62,56700.0,143000,000400.SZ,201803070042,20180307
493,0.0,Buy,497,20180307,201803070494,24.05,36300.0,143000,002440.SZ,201803070042,20180307
494,0.0,Buy,492,20180307,201803070495,12.63,35200.0,143000,601311.SH,201803070042,20180307
495,0.0,Buy,496,20180307,201803070496,13.17,56400.0,143000,600037.SH,201803070042,20180307
496,0.0,Buy,499,20180307,201803070497,16.79,40600.0,143000,000887.SZ,201803070042,20180307
497,0.0,Buy,488,20180307,201803070498,6.87,84000.0,143000,600757.SH,201803070042,20180307
498,0.0,Buy,494,20180307,201803070499,8.85,70600.0,143000,000541.SZ,201803070042,20180307
499,0.0,Sell,504,20180308,201803080500,11.53,52600.0,143000,000400.SZ,201803080043,20180308
500,0.0,Sell,507,20180308,201803080501,8.81,64900.0,143000,000541.SZ,201803080043,20180308
501,0.0,Sell,503,20180308,201803080502,4.53,118900.0,143000,600582.SH,201803080043,20180308
502,0.0,Sell,510,20180308,201803080503,23.69,23400.0,143000,002440.SZ,201803080043,20180308
503,0.0,Sell,509,20180308,201803080504,12.97,45000.0,143000,600037.SH,201803080043,20180308
504,0.0,Sell,502,20180308,201803080505,23.77,30100.0,143000,000581.SZ,201803080043,20180308
505,0.0,Sell,500,20180308,201803080506,21.86,29400.0,143000,600195.SH,201803080043,20180308
506,0.0,Sell,506,20180308,201803080507,23.36,34200.0,143000,600062.SH,201803080043,20180308
507,0.0,Sell,508,20180308,201803080508,11.17,63600.0,143000,002233.SZ,201803080043,20180308
508,0.0,Sell,505,20180308,201803080509,12.61,43300.0,143000,601311.SH,201803080043,20180308
509,0.0,Buy,511,20180308,201803080510,13.91,546200.0,143000,600633.SH,201803080043,20180308
510,0.0,Sell,512,20180308,201803080511,16.92,43700.0,143000,000887.SZ,201803080043,20180308
511,0.0,Sell,501,20180308,201803080512,6.85,80100.0,143000,600757.SH,201803080043,20180308
512,0.0,Sell,514,20180309,201803090513,6.9,74700.0,143000,600757.SH,201803090044,20180309
513,0.0,Sell,516,20180309,201803090514,4.55,109900.0,143000,600582.SH,201803090044,20180309
514,0.0,Sell,525,20180309,201803090515,17.35,37500.0,143000,000887.SZ,201803090044,20180309
515,0.0,Sell,518,20180309,201803090516,12.87,48200.0,143000,601311.SH,201803090044,20180309
516,0.0,Sell,517,20180309,201803090517,12.02,62300.0,143000,000400.SZ,201803090044,20180309
517,0.0,Buy,526,20180309,201803090518,14.21,498300.0,143000,600329.SH,201803090044,20180309
518,0.0,Sell,522,20180309,201803090519,13.17,40000.0,143000,600037.SH,201803090044,20180309
519,0.0,Sell,520,20180309,201803090520,8.9,59100.0,143000,000541.SZ,201803090044,20180309
520,0.0,Sell,521,20180309,201803090521,11.24,44500.0,143000,002233.SZ,201803090044,20180309
521,0.0,Sell,515,20180309,201803090522,23.94,20100.0,143000,000581.SZ,201803090044,20180309
522,0.0,Sell,523,20180309,201803090523,23.33,16600.0,143000,002440.SZ,201803090044,20180309
523,0.0,Sell,513,20180309,201803090524,21.78,23200.0,143000,600195.SH,201803090044,20180309
524,0.0,Sell,519,20180309,201803090525,23.47,17600.0,143000,600062.SH,201803090044,20180309
525,0.0,Sell,524,20180309,201803090526,14.3,51300.0,143000,600633.SH,201803090044,20180309
526,0.0,Buy,528,20180312,201803120527,6.98,85200.0,143000,600757.SH,201803120045,20180312
527,0.0,Buy,530,20180312,201803120528,4.59,125700.0,143000,600582.SH,201803120045,20180312
528,0.0,Sell,538,20180312,201803120529,14.53,494900.0,143000,600633.SH,201803120045,20180312
529,0.0,Buy,540,20180312,201803120530,14.28,46300.0,143000,600329.SH,201803120045,20180312
530,0.0,Buy,533,20180312,201803120531,23.8,24800.0,143000,600062.SH,201803120045,20180312
531,0.0,Buy,535,20180312,201803120532,11.57,37300.0,143000,002233.SZ,201803120045,20180312
532,0.0,Buy,529,20180312,201803120533,24.28,20700.0,143000,000581.SZ,201803120045,20180312
533,0.0,Buy,527,20180312,201803120534,22.22,26200.0,143000,600195.SH,201803120045,20180312
534,0.0,Buy,537,20180312,201803120535,23.67,18900.0,143000,002440.SZ,201803120045,20180312
535,0.0,Buy,531,20180312,201803120536,12.1,48600.0,143000,000400.SZ,201803120045,20180312
536,0.0,Buy,534,20180312,201803120537,8.97,69700.0,143000,000541.SZ,201803120045,20180312
537,0.0,Buy,536,20180312,201803120538,13.34,38400.0,143000,600037.SH,201803120045,20180312
538,0.0,Buy,532,20180312,201803120539,13.16,42500.0,143000,601311.SH,201803120045,20180312
539,0.0,Buy,539,20180312,201803120540,17.77,30300.0,143000,000887.SZ,201803120045,20180312
540,0.0,Sell,549,20180313,201803130541,11.71,668400.0,143000,002233.SZ,201803130046,20180313
541,0.0,Buy,553,20180313,201803130542,14.07,105000.0,143000,600329.SH,201803130046,20180313
542,0.0,Buy,542,20180313,201803130543,7.0,188600.0,143000,600757.SH,201803130046,20180313
543,0.0,Buy,547,20180313,201803130544,23.25,67200.0,143000,600062.SH,201803130046,20180313
544,0.0,Buy,543,20180313,201803130545,24.38,57200.0,143000,000581.SZ,201803130046,20180313
545,0.0,Buy,551,20180313,201803130546,23.4,70400.0,143000,002440.SZ,201803130046,20180313
546,0.0,Buy,546,20180313,201803130547,13.03,108300.0,143000,601311.SH,201803130046,20180313
547,0.0,Buy,541,20180313,201803130548,22.4,52300.0,143000,600195.SH,201803130046,20180313
548,0.0,Buy,550,20180313,201803130549,13.23,110500.0,143000,600037.SH,201803130046,20180313
549,0.0,Sell,552,20180313,201803130550,17.82,438500.0,143000,000887.SZ,201803130046,20180313
550,0.0,Buy,545,20180313,201803130551,12.05,114400.0,143000,000400.SZ,201803130046,20180313
551,0.0,Buy,548,20180313,201803130552,8.95,155800.0,143000,000541.SZ,201803130046,20180313
552,0.0,Buy,544,20180313,201803130553,4.59,298700.0,143000,600582.SH,201803130046,20180313
553,0.0,Sell,554,20180314,201803140554,22.15,26200.0,143000,600195.SH,201803140047,20180314
554,0.0,Sell,555,20180314,201803140555,6.92,100200.0,143000,600757.SH,201803140047,20180314
555,0.0,Sell,557,20180314,201803140556,4.55,160500.0,143000,600582.SH,201803140047,20180314
556,0.0,Sell,565,20180314,201803140557,13.94,51600.0,143000,600329.SH,201803140047,20180314
557,0.0,Sell,564,20180314,201803140558,23.4,34800.0,143000,002440.SZ,201803140047,20180314
558,0.0,Sell,559,20180314,201803140559,13.15,64700.0,143000,601311.SH,201803140047,20180314
559,0.0,Sell,560,20180314,201803140560,23.13,36300.0,143000,600062.SH,201803140047,20180314
560,0.0,Sell,563,20180314,201803140561,13.06,62700.0,143000,600037.SH,201803140047,20180314
561,0.0,Sell,558,20180314,201803140562,12.11,64100.0,143000,000400.SZ,201803140047,20180314
562,0.0,Sell,556,20180314,201803140563,24.06,30200.0,143000,000581.SZ,201803140047,20180314
563,0.0,Buy,562,20180314,201803140564,11.89,693500.0,143000,002233.SZ,201803140047,20180314
564,0.0,Sell,561,20180314,201803140565,8.88,87600.0,143000,000541.SZ,201803140047,20180314
565,0.0,Sell,568,20180315,201803150566,23.83,46400.0,143000,000581.SZ,201803150048,20180315
566,0.0,Sell,579,20180315,201803150567,13.79,82600.0,143000,600329.SH,201803150048,20180315
567,0.0,Sell,570,20180315,201803150568,11.83,89300.0,143000,000400.SZ,201803150048,20180315
568,0.0,Sell,573,20180315,201803150569,8.79,129300.0,143000,000541.SZ,201803150048,20180315
569,0.0,Sell,566,20180315,201803150570,22.14,55800.0,143000,600195.SH,201803150048,20180315
570,0.0,Sell,569,20180315,201803150571,4.49,245700.0,143000,600582.SH,201803150048,20180315
571,0.0,Sell,567,20180315,201803150572,6.82,165700.0,143000,600757.SH,201803150048,20180315
572,0.0,Sell,575,20180315,201803150573,13.15,93700.0,143000,600037.SH,201803150048,20180315
573,0.0,Buy,578,20180315,201803150574,17.54,400600.0,143000,000887.SZ,201803150048,20180315
574,0.0,Sell,576,20180315,201803150575,23.55,57100.0,143000,002440.SZ,201803150048,20180315
575,0.0,Sell,571,20180315,201803150576,12.99,96300.0,143000,601311.SH,201803150048,20180315
576,0.0,Buy,577,20180315,201803150577,13.86,512400.0,143000,600633.SH,201803150048,20180315
577,0.0,Sell,574,20180315,201803150578,11.82,94100.0,143000,002233.SZ,201803150048,20180315
578,0.0,Sell,572,20180315,201803150579,23.58,56900.0,143000,600062.SH,201803150048,20180315
579,0.0,Buy,581,20180316,201803160580,6.93,161200.0,143000,600757.SH,201803160049,20180316
580,0.0,Buy,583,20180316,201803160581,4.46,278500.0,143000,600582.SH,201803160049,20180316
581,0.0,Buy,584,20180316,201803160582,11.9,95300.0,143000,000400.SZ,201803160049,20180316
582,0.0,Buy,580,20180316,201803160583,21.72,60300.0,143000,600195.SH,201803160049,20180316
583,0.0,Buy,591,20180316,201803160584,14.31,68400.0,143000,600633.SH,201803160049,20180316
584,0.0,Buy,589,20180316,201803160585,13.38,82400.0,143000,600037.SH,201803160049,20180316
585,0.0,Buy,590,20180316,201803160586,23.04,63900.0,143000,002440.SZ,201803160049,20180316
586,0.0,Buy,582,20180316,201803160587,23.72,54400.0,143000,000581.SZ,201803160049,20180316
587,0.0,Sell,586,20180316,201803160588,23.87,301700.0,143000,600062.SH,201803160049,20180316
588,0.0,Buy,587,20180316,201803160589,8.77,141100.0,143000,000541.SZ,201803160049,20180316
589,0.0,Buy,588,20180316,201803160590,11.57,117100.0,143000,002233.SZ,201803160049,20180316
590,0.0,Buy,593,20180316,201803160591,13.8,83000.0,143000,600329.SH,201803160049,20180316
591,0.0,Buy,585,20180316,201803160592,13.24,72200.0,143000,601311.SH,201803160049,20180316
592,0.0,Sell,592,20180316,201803160593,17.72,400600.0,143000,000887.SZ,201803160049,20180316
593,0.0,Sell,603,20180319,201803190594,13.28,43800.0,143000,600037.SH,201803190050,20180319
594,0.0,Sell,598,20180319,201803190595,4.4,116100.0,143000,600582.SH,201803190050,20180319
595,0.0,Sell,600,20180319,201803190596,13.43,48600.0,143000,601311.SH,201803190050,20180319
596,0.0,Sell,594,20180319,201803190597,21.85,33100.0,143000,600195.SH,201803190050,20180319
597,0.0,Sell,601,20180319,201803190598,8.77,78200.0,143000,000541.SZ,201803190050,20180319
598,0.0,Sell,604,20180319,201803190599,22.53,27400.0,143000,002440.SZ,201803190050,20180319
599,0.0,Sell,596,20180319,201803190600,6.9,91900.0,143000,600757.SH,201803190050,20180319
600,0.0,Sell,599,20180319,201803190601,11.86,52500.0,143000,000400.SZ,201803190050,20180319
601,0.0,Sell,605,20180319,201803190602,14.37,580800.0,143000,600633.SH,201803190050,20180319
602,0.0,Sell,597,20180319,201803190603,23.45,26600.0,143000,000581.SZ,201803190050,20180319
603,0.0,Sell,607,20180319,201803190604,13.97,56000.0,143000,600329.SH,201803190050,20180319
604,0.0,Buy,595,20180319,201803190605,24.53,311300.0,143000,600750.SH,201803190050,20180319
605,0.0,Sell,602,20180319,201803190606,11.36,43900.0,143000,002233.SZ,201803190050,20180319
606,0.0,Buy,606,20180319,201803190607,17.55,433000.0,143000,000887.SZ,201803190050,20180319
607,0.0,Buy,619,20180320,201803200608,22.59,2000.0,143000,002440.SZ,201803200051,20180320
608,0.0,Sell,621,20180320,201803200609,14.26,6500.0,143000,600329.SH,201803200051,20180320
609,0.0,Sell,611,20180320,201803200610,23.53,100.0,143000,000581.SZ,201803200051,20180320
610,0.0,Buy,610,20180320,201803200611,6.8,14300.0,143000,600757.SH,201803200051,20180320
611,0.0,Sell,609,20180320,201803200612,25.77,20900.0,143000,600750.SH,201803200051,20180320
612,0.0,Buy,616,20180320,201803200613,11.38,3100.0,143000,002233.SZ,201803200051,20180320
613,0.0,Buy,615,20180320,201803200614,8.64,17800.0,143000,000541.SZ,201803200051,20180320
614,0.0,Sell,608,20180320,201803200615,22.32,4500.0,143000,600195.SH,201803200051,20180320
615,0.0,Buy,612,20180320,201803200616,4.37,13300.0,143000,600582.SH,201803200051,20180320
616,0.0,Buy,617,20180320,201803200617,9.23,826700.0,143000,600787.SH,201803200051,20180320
617,0.0,Buy,618,20180320,201803200618,13.13,4900.0,143000,600037.SH,201803200051,20180320
618,0.0,Buy,614,20180320,201803200619,13.29,11200.0,143000,601311.SH,201803200051,20180320
619,0.0,Sell,620,20180320,201803200620,17.23,433000.0,143000,000887.SZ,201803200051,20180320
620,0.0,Sell,613,20180320,201803200621,12.05,6500.0,143000,000400.SZ,201803200051,20180320
621,0.0,Sell,627,20180321,201803210622,12.33,58200.0,143000,000400.SZ,201803210052,20180321
622,0.0,Sell,635,20180321,201803210623,14.33,32500.0,143000,600329.SH,201803210052,20180321
623,0.0,Sell,622,20180321,201803210624,22.54,26700.0,143000,600195.SH,201803210052,20180321
624,0.0,Sell,631,20180321,201803210625,9.16,48700.0,143000,600787.SH,201803210052,20180321
625,0.0,Sell,633,20180321,201803210626,23.11,28100.0,143000,002440.SZ,201803210052,20180321
626,0.0,Sell,632,20180321,201803210627,13.33,45800.0,143000,600037.SH,201803210052,20180321
627,0.0,Sell,624,20180321,201803210628,6.87,81200.0,143000,600757.SH,201803210052,20180321
628,0.0,Sell,629,20180321,201803210629,8.68,66400.0,143000,000541.SZ,201803210052,20180321
629,0.0,Sell,630,20180321,201803210630,11.35,41200.0,143000,002233.SZ,201803210052,20180321
630,0.0,Sell,626,20180321,201803210631,4.39,131700.0,143000,600582.SH,201803210052,20180321
631,0.0,Sell,625,20180321,201803210632,23.71,23300.0,143000,000581.SZ,201803210052,20180321
632,0.0,Buy,634,20180321,201803210633,17.43,408800.0,143000,000887.SZ,201803210052,20180321
633,0.0,Sell,628,20180321,201803210634,13.33,40000.0,143000,601311.SH,201803210052,20180321
634,0.0,Sell,623,20180321,201803210635,26.0,15600.0,143000,600750.SH,201803210052,20180321
635,0.0,Sell,643,20180322,201803220636,8.63,2200.0,143000,000541.SZ,201803220053,20180322
636,0.0,Sell,642,20180322,201803220637,13.22,1800.0,143000,601311.SH,201803220053,20180322
637,0.0,Sell,641,20180322,201803220638,12.47,22100.0,143000,000400.SZ,201803220053,20180322
638,0.0,Buy,637,20180322,201803220639,25.55,4700.0,143000,600750.SH,201803220053,20180322
639,0.0,Buy,648,20180322,201803220640,16.92,13700.0,143000,000887.SZ,201803220053,20180322
640,0.0,Sell,646,20180322,201803220641,13.51,17200.0,143000,600037.SH,201803220053,20180322
641,0.0,Sell,639,20180322,201803220642,23.43,1400.0,143000,000581.SZ,201803220053,20180322
642,0.0,Buy,647,20180322,201803220643,22.65,8800.0,143000,002440.SZ,201803220053,20180322
643,0.0,Buy,636,20180322,201803220644,21.73,10700.0,143000,600195.SH,201803220053,20180322
644,0.0,Buy,645,20180322,201803220645,8.99,10100.0,143000,600787.SH,201803220053,20180322
645,0.0,Sell,649,20180322,201803220646,14.28,10700.0,143000,600329.SH,201803220053,20180322
646,0.0,Sell,640,20180322,201803220647,4.36,8100.0,143000,600582.SH,201803220053,20180322
647,0.0,Sell,644,20180322,201803220648,11.29,4100.0,143000,002233.SZ,201803220053,20180322
648,0.0,Sell,638,20180322,201803220649,6.84,4900.0,143000,600757.SH,201803220053,20180322
649,0.0,Buy,658,20180323,201803230650,10.61,8500.0,143000,002233.SZ,201803230054,20180323
650,0.0,Sell,655,20180323,201803230651,12.2,2500.0,143000,000400.SZ,201803230054,20180323
651,0.0,Buy,652,20180323,201803230652,6.58,4300.0,143000,600757.SH,201803230054,20180323
652,0.0,Buy,651,20180323,201803230653,24.27,4300.0,143000,600750.SH,201803230054,20180323
653,0.0,Sell,659,20180323,201803230654,8.56,12500.0,143000,600787.SH,201803230054,20180323
654,0.0,Buy,653,20180323,201803230655,22.42,1000.0,143000,000581.SZ,201803230054,20180323
655,0.0,Buy,661,20180323,201803230656,20.72,10400.0,143000,002440.SZ,201803230054,20180323
656,0.0,Sell,654,20180323,201803230657,4.2,12500.0,143000,600582.SH,201803230054,20180323
657,0.0,Sell,650,20180323,201803230658,20.89,5800.0,143000,600195.SH,201803230054,20180323
658,0.0,Buy,660,20180323,201803230659,13.1,14200.0,143000,600037.SH,201803230054,20180323
659,0.0,Sell,662,20180323,201803230660,16.19,5800.0,143000,000887.SZ,201803230054,20180323
660,0.0,Sell,663,20180323,201803230661,13.92,9400.0,143000,600329.SH,201803230054,20180323
661,0.0,Sell,657,20180323,201803230662,8.34,13800.0,143000,000541.SZ,201803230054,20180323
662,0.0,Buy,656,20180323,201803230663,12.83,1100.0,143000,601311.SH,201803230054,20180323
663,0.0,Sell,676,20180326,201803260664,12.31,80000.0,143000,600037.SH,201803260055,20180326
664,0.0,Sell,680,20180326,201803260665,13.9,89900.0,143000,600329.SH,201803260055,20180326
665,0.0,Sell,671,20180326,201803260666,11.25,66300.0,143000,000400.SZ,201803260055,20180326
666,0.0,Sell,665,20180326,201803260667,24.06,53800.0,143000,600750.SH,201803260055,20180326
667,0.0,Sell,677,20180326,201803260668,20.81,66400.0,143000,002440.SZ,201803260055,20180326
668,0.0,Sell,670,20180326,201803260669,4.13,269900.0,143000,600582.SH,201803260055,20180326
669,0.0,Sell,679,20180326,201803260670,16.07,81800.0,143000,000887.SZ,201803260055,20180326
670,0.0,Buy,668,20180326,201803260671,6.72,817800.0,143000,601128.SH,201803260055,20180326
671,0.0,Sell,667,20180326,201803260672,21.91,49000.0,143000,000581.SZ,201803260055,20180326
672,0.0,Sell,666,20180326,201803260673,6.47,182600.0,143000,600757.SH,201803260055,20180326
673,0.0,Sell,673,20180326,201803260674,8.3,140000.0,143000,000541.SZ,201803260055,20180326
674,0.0,Sell,675,20180326,201803260675,8.73,136600.0,143000,600787.SH,201803260055,20180326
675,0.0,Sell,674,20180326,201803260676,10.59,120400.0,143000,002233.SZ,201803260055,20180326
676,0.0,Sell,664,20180326,201803260677,21.34,66100.0,143000,600195.SH,201803260055,20180326
677,0.0,Buy,678,20180326,201803260678,13.04,420900.0,143000,600633.SH,201803260055,20180326
678,0.0,Sell,672,20180326,201803260679,12.57,92300.0,143000,601311.SH,201803260055,20180326
679,0.0,Buy,669,20180326,201803260680,5.26,1042800.0,143000,002195.SZ,201803260055,20180326
680,0.0,Sell,696,20180327,201803270681,17.08,400.0,143000,000887.SZ,201803270056,20180327
681,0.0,Sell,688,20180327,201803270682,11.57,489100.0,143000,000400.SZ,201803270056,20180327
682,0.0,Sell,682,20180327,201803270683,6.65,3900.0,143000,600757.SH,201803270056,20180327
683,0.0,Buy,681,20180327,201803270684,24.63,1600.0,143000,600750.SH,201803270056,20180327
684,0.0,Buy,684,20180327,201803270685,18.9,304000.0,143000,600270.SH,201803270056,20180327
685,0.0,Sell,686,20180327,201803270686,5.53,20900.0,143000,002195.SZ,201803270056,20180327
686,0.0,Sell,690,20180327,201803270687,8.57,2100.0,143000,000541.SZ,201803270056,20180327
687,0.0,Sell,693,20180327,201803270688,12.69,1200.0,143000,600037.SH,201803270056,20180327
688,0.0,Buy,685,20180327,201803270689,6.91,6500.0,143000,601128.SH,201803270056,20180327
689,0.0,Buy,683,20180327,201803270690,22.38,3500.0,143000,000581.SZ,201803270056,20180327
690,0.0,Buy,692,20180327,201803270691,8.82,6500.0,143000,600787.SH,201803270056,20180327
691,0.0,Buy,697,20180327,201803270692,14.41,2700.0,143000,600329.SH,201803270056,20180327
692,0.0,Sell,691,20180327,201803270693,11.01,1100.0,143000,002233.SZ,201803270056,20180327
693,0.0,Buy,694,20180327,201803270694,21.59,1200.0,143000,002440.SZ,201803270056,20180327
694,0.0,Sell,695,20180327,201803270695,13.6,1200.0,143000,600633.SH,201803270056,20180327
695,0.0,Sell,689,20180327,201803270696,13.01,7700.0,143000,601311.SH,201803270056,20180327
696,0.0,Buy,687,20180327,201803270697,4.24,5200.0,143000,600582.SH,201803270056,20180327
697,0.0,Buy,709,20180328,201803280698,8.86,129100.0,143000,600787.SH,201803280057,20180328
698,0.0,Sell,702,20180328,201803280699,18.58,304000.0,143000,600270.SH,201803280057,20180328
699,0.0,Sell,703,20180328,201803280700,7.06,824300.0,143000,601128.SH,201803280057,20180328
700,0.0,Sell,704,20180328,201803280701,5.52,1021900.0,143000,002195.SZ,201803280057,20180328
701,0.0,Buy,710,20180328,201803280702,12.55,102500.0,143000,600037.SH,201803280057,20180328
702,0.0,Buy,699,20180328,201803280703,24.93,43000.0,143000,600750.SH,201803280057,20180328
703,0.0,Buy,714,20180328,201803280704,14.47,80500.0,143000,600329.SH,201803280057,20180328
704,0.0,Buy,706,20180328,201803280705,12.95,96200.0,143000,601311.SH,201803280057,20180328
705,0.0,Buy,705,20180328,201803280706,4.14,313500.0,143000,600582.SH,201803280057,20180328
706,0.0,Buy,712,20180328,201803280707,13.56,87500.0,143000,600633.SH,201803280057,20180328
707,0.0,Buy,701,20180328,201803280708,22.13,56800.0,143000,000581.SZ,201803280057,20180328
708,0.0,Buy,711,20180328,201803280709,20.91,62000.0,143000,002440.SZ,201803280057,20180328
709,0.0,Buy,698,20180328,201803280710,21.38,67400.0,143000,600195.SH,201803280057,20180328
710,0.0,Buy,713,20180328,201803280711,17.04,66100.0,143000,000887.SZ,201803280057,20180328
711,0.0,Buy,707,20180328,201803280712,8.55,140300.0,143000,000541.SZ,201803280057,20180328
712,0.0,Buy,700,20180328,201803280713,6.66,173700.0,143000,600757.SH,201803280057,20180328
713,0.0,Buy,708,20180328,201803280714,11.01,108200.0,143000,002233.SZ,201803280057,20180328
714,0.0,Sell,727,20180329,201803290715,13.63,31300.0,143000,600633.SH,201803290058,20180329
715,0.0,Sell,722,20180329,201803290716,8.59,52400.0,143000,000541.SZ,201803290058,20180329
716,0.0,Sell,716,20180329,201803290717,25.47,21200.0,143000,600750.SH,201803290058,20180329
717,0.0,Sell,725,20180329,201803290718,12.64,38500.0,143000,600037.SH,201803290058,20180329
718,0.0,Sell,717,20180329,201803290719,6.78,75700.0,143000,600757.SH,201803290058,20180329
719,0.0,Sell,715,20180329,201803290720,21.48,24100.0,143000,600195.SH,201803290058,20180329
720,0.0,Sell,723,20180329,201803290721,11.17,49600.0,143000,002233.SZ,201803290058,20180329
721,0.0,Sell,724,20180329,201803290722,8.86,44400.0,143000,600787.SH,201803290058,20180329
722,0.0,Sell,728,20180329,201803290723,16.98,16500.0,143000,000887.SZ,201803290058,20180329
723,0.0,Sell,720,20180329,201803290724,4.16,112100.0,143000,600582.SH,201803290058,20180329
724,0.0,Sell,729,20180329,201803290725,14.45,28900.0,143000,600329.SH,201803290058,20180329
725,0.0,Buy,719,20180329,201803290726,5.64,1155000.0,143000,002195.SZ,201803290058,20180329
726,0.0,Sell,718,20180329,201803290727,22.37,24600.0,143000,000581.SZ,201803290058,20180329
727,0.0,Sell,726,20180329,201803290728,21.28,24100.0,143000,002440.SZ,201803290058,20180329
728,0.0,Sell,721,20180329,201803290729,12.9,27200.0,143000,601311.SH,201803290058,20180329
729,0.0,Buy,740,20180330,201803300730,12.78,33600.0,143000,600037.SH,201803300059,20180330
730,0.0,Buy,739,20180330,201803300731,9.03,47200.0,143000,600787.SH,201803300059,20180330
731,0.0,Buy,742,20180330,201803300732,13.77,33900.0,143000,600633.SH,201803300059,20180330
732,0.0,Buy,743,20180330,201803300733,17.74,14300.0,143000,000887.SZ,201803300059,20180330
733,0.0,Buy,731,20180330,201803300734,25.78,19100.0,143000,600750.SH,201803300059,20180330
734,0.0,Buy,736,20180330,201803300735,13.05,33500.0,143000,601311.SH,201803300059,20180330
735,0.0,Sell,734,20180330,201803300736,5.67,1155000.0,143000,002195.SZ,201803300059,20180330
736,0.0,Buy,732,20180330,201803300737,6.88,66500.0,143000,600757.SH,201803300059,20180330
737,0.0,Buy,737,20180330,201803300738,8.65,60300.0,143000,000541.SZ,201803300059,20180330
738,0.0,Buy,730,20180330,201803300739,21.1,27200.0,143000,600195.SH,201803300059,20180330
739,0.0,Buy,738,20180330,201803300740,11.22,47700.0,143000,002233.SZ,201803300059,20180330
740,0.0,Buy,735,20180330,201803300741,4.23,102200.0,143000,600582.SH,201803300059,20180330
741,0.0,Buy,744,20180330,201803300742,14.64,31600.0,143000,600329.SH,201803300059,20180330
742,0.0,Buy,733,20180330,201803300743,22.51,23400.0,143000,000581.SZ,201803300059,20180330
743,0.0,Buy,741,20180330,201803300744,21.42,26900.0,143000,002440.SZ,201803300059,20180330
