code,name,industry,area,pe,outstanding,totals,totalAssets,liquidAssets,fixedAssets,reserved,reservedPerShare,esp,bvps,pb,timeToMarket,undp,perundp,rev,profit,gpr,npr,holders,开盘价,开板价格,开板涨幅%(未开板未截止目前累计涨幅%),涨停板个数,历史最高,历史最高涨幅%,现价
300504,N天邑,通信设备,四川,21.87,0.67,2.67,196783.86,0.0,0.0,0.0,0.0,0.86,4.23,4.45,20180330,0.0,0.0,31.67,51.32,0.0,9.76,126696.0,15.67,"未开板, 当前价格： 18.81",20.038289725590293,1,18.81,20.038289725590293,18.81
603214,N爱婴室,百货,上海,30.7,0.25,1.0,76961.15,61297.16,7078.72,2911.81,0.29,0.9359999999999999,4.99,5.76,20180330,25456.17,2.55,14.06,26.47,28.41,5.18,26639.0,0.0,0,0.0,0,0.0,0.0,0.0
603803,瑞斯康达,通信设备,北京,48.36,0.57,4.21,350456.31,304554.13,27475.74,68428.11,1.63,0.32,5.73,3.43,20170420,115344.52,2.74,0.0,0.0,52.54,8.38,30381.0,0.0,0,0.0,0,0.0,0.0,0.0
603722,阿科力,化工原料,江苏,59.63,0.22,0.87,46842.09,14853.99,11813.88,5405.39,0.62,0.469,4.57,8.15,20171025,16452.42,1.9,0.0,0.0,31.51,19.23,24007.0,0.0,0,0.0,0,0.0,0.0,0.0
002888,惠威科技,元器件,广东,79.91,0.21,0.83,46744.26,33464.35,6644.56,18065.27,2.17,0.33,5.22,5.43,20170721,14613.25,1.76,0.0,0.0,37.83,12.38,10000.0,10.76,27.15,152.32342007434946,9,41.3,283.8289962825279,28.35
603976,正川股份,医疗保健,重庆,33.45,0.27,1.08,103444.47,70124.05,29017.1,59884.21,5.54,0.596,8.68,3.06,20170822,20481.57,1.9,0.0,0.0,31.87,16.83,15008.0,0.0,0,0.0,0,0.0,0.0,0.0
002916,深南电路,元器件,深圳,48.91,0.7,2.8,744339.0,388232.59,285408.22,212300.27,7.58,2.13,11.31,6.92,20171213,66813.99,2.39,23.67,63.44,22.4,7.88,57100.0,23.16,92.8,300.69084628670123,14,103.5,346.8911917098446,78.27
300726,宏达电子,元器件,湖南,78.12,0.4,4.0,100780.3,80427.53,8466.57,30503.05,0.76,0.366,2.53,15.08,20171121,23141.2,0.58,0.0,0.0,70.73,39.73,79196.0,13.39,31.4,134.50336071695293,9,38.15,184.91411501120237,38.15
300708,聚灿光电,半导体,江苏,65.58,0.64,2.57,147835.27,75164.55,46085.87,25434.1,0.99,0.54,2.77,10.12,20171016,18079.84,0.7,29.32,81.53,28.97,17.72,37173.0,3.64,36.09,891.4835164835166,25,40.1,1001.6483516483516,28.04
300684,中石科技,化工原料,北京,138.4,0.22,0.87,61019.13,33648.35,24754.74,12281.78,1.41,0.342,5.45,11.57,20171227,15325.42,1.76,0.0,0.0,34.84,10.49,45590.0,10.56,53.05,402.36742424242414,17,65.08,516.2878787878788,63.12
300667,必创科技,电器仪表,北京,308.48,0.17,0.68,37714.45,32652.55,3711.46,15951.51,2.35,0.19,5.28,10.81,20170619,9387.41,1.38,0.0,0.0,51.56,13.03,8111.0,14.19,38.2,169.2036645525018,10,57.18,302.95983086680764,57.08
300701,森霸股份,元器件,河南,58.32,0.2,0.8,45834.53,39986.73,4519.26,22313.09,2.79,0.92,5.46,8.01,20170915,11183.82,1.4,14.14,28.2,53.57,33.85,14055.0,15.77,46.63,195.68801521876986,11,63.06,299.8731769181992,43.78
300666,江丰电子,元器件,浙江,324.78,0.55,2.19,82415.53,39810.8,26977.44,18895.57,0.86,0.21,2.59,29.52,20170615,12228.53,0.56,0.0,0.0,32.25,9.92,30908.0,5.57,29.48,429.26391382405745,17,88.18,1483.123877917415,76.45
300631,久吾高科,环境保护,江苏,95.64,0.71,1.03,74781.38,60034.55,11360.82,14187.5,1.38,0.27,5.66,5.64,20170323,29292.75,2.85,14.67,-13.99,40.83,13.86,12947.0,14.36,54.23,277.6462395543175,14,59.57,314.83286908078,31.9
603712,七一二,通信设备,天津,300.07,1.0,7.72,348015.5,277392.63,57633.35,63780.73,0.83,0.1,2.29,17.42,20180226,20558.85,0.27,0.0,0.0,49.57,8.39,88473.0,0.0,0,0.0,0,0.0,0.0,0.0
603283,赛腾股份,专用机械,江苏,45.63,0.4,1.6,87999.36,72952.13,7978.27,5622.12,0.35,0.521,3.12,10.15,20171225,17066.89,1.07,0.0,0.0,51.08,17.79,13767.0,0.0,0,0.0,0,0.0,0.0,0.0
603110,东方材料,染料涂料,浙江,44.01,0.26,1.03,47756.85,30151.75,11568.61,1820.18,0.18,0.58,4.29,5.95,20171013,22148.18,2.16,0.0,0.0,36.14,14.3,28303.0,0.0,0,0.0,0,0.0,0.0,0.0
603096,新经典,出版业,天津,44.22,0.33,1.35,168006.69,161971.3,582.82,92305.61,6.85,1.49,10.87,7.15,20170425,39869.48,2.96,0.0,0.0,43.78,25.57,5077.0,0.0,0,0.0,0,0.0,0.0,0.0
300653,正海生物,医疗保健,山东,63.72,0.2,0.8,50210.6,42945.64,2476.31,26941.81,3.37,0.56,5.75,7.14,20170516,10327.67,1.29,0.0,0.0,94.14,29.23,10248.0,15.47,41.8,170.20038784744668,11,47.4,206.3994828700711,41.05
300730,科创信息,软件服务,湖南,1022.77,0.23,0.93,32997.26,24184.0,6611.02,742.65,0.08,0.037000000000000005,2.51,20.23,20171205,8310.85,0.89,0.0,0.0,36.0,2.69,48600.0,11.03,44.68,305.07706255666363,15,50.85,361.0154125113327,50.85
300634,彩讯股份,软件服务,深圳,50.49,0.4,4.0,100621.55,65063.45,1320.74,26752.97,0.67,0.32899999999999996,2.43,6.84,20180323,19710.35,0.49,33.46,44.54,48.01,21.36,77432.0,9.46,"未开板, 当前价格： 16.62",75.68710359408033,6,16.62,75.68710359408033,16.62
002930,宏川智慧,仓储物流,广东,39.03,0.61,2.43,187270.8,13539.2,103894.4,60574.51,2.49,0.381,6.54,2.27,20180328,38270.21,1.57,-0.74,10.33,56.59,25.41,115451.0,10.24,"未开板, 当前价格： 14.86",45.11718749999999,3,14.86,45.11718749999999,14.86
300514,友讯达,通信设备,深圳,56.25,0.25,1.0,68944.21,66716.28,1369.74,21389.97,2.14,0.53,4.86,7.3,20170426,13530.61,1.35,0.0,0.0,41.98,13.49,11522.0,11.17,38.24,242.3455684870188,13,40.0,258.10205908683974,35.46
600929,湖南盐业,食品,湖南,45.01,1.5,9.18,310491.63,78859.31,139873.81,24281.5,0.26,0.174,2.35,3.33,20180326,71625.13,0.78,1.3,15.06,47.71,7.24,140295.0,4.45,"未开板, 当前价格： 7.82",75.73033707865169,5,7.82,75.73033707865169,7.82
603063,禾望电气,电气设备,深圳,29.09,0.6,4.2,274334.81,262533.91,4063.26,93835.74,2.23,0.48,5.55,2.98,20170728,91865.61,2.19,0.0,0.0,57.91,28.3,28339.0,0.0,0,0.0,0,0.0,0.0,0.0
300650,太龙照明,电气设备,福建,57.17,0.16,0.63,64533.63,50354.9,7497.22,21584.25,3.42,0.89,7.42,6.28,20170503,17104.73,2.71,23.67,23.73,37.97,15.23,9143.0,18.41,46.91,154.80717001629546,11,52.17,183.3785985877241,46.57
002912,中新赛克,软件服务,深圳,62.27,0.17,0.67,163873.67,143497.66,5460.96,57853.13,8.67,2.57,17.08,7.23,20171121,47348.5,7.1,44.93,31.59,79.03,26.58,12930.0,36.26,92.81,155.9569773855488,9,164.77,354.4125758411473,123.55
603960,克来机电,专用机械,上海,93.8,0.4,1.04,58133.2,43866.51,8915.46,18635.67,1.79,0.28,4.22,7.57,20170314,11280.2,1.08,0.0,0.0,32.82,17.21,9857.0,0.0,0,0.0,0,0.0,0.0,0.0
300630,普利制药,化学制药,海南,123.33,0.66,1.22,78145.25,41208.8,10652.17,38821.34,3.18,0.54,5.89,13.84,20170328,14158.5,1.16,0.0,0.0,80.49,30.47,6743.0,13.79,42.27,206.52646845540252,11,86.08,524.2204496011602,81.5
603707,健友股份,化学制药,江苏,45.31,0.64,4.24,269476.06,219187.52,27411.5,61675.92,1.46,0.81,4.85,6.94,20170719,90558.78,2.14,91.22,22.15,46.38,28.24,10934.0,0.0,0,0.0,0,0.0,0.0,0.0
300620,光库科技,元器件,广东,64.63,0.22,0.88,52511.7,45596.14,1682.11,25831.32,2.94,0.52,5.21,7.89,20170310,10337.69,1.17,0.0,0.0,46.84,25.74,13827.0,14.95,56.27,276.3879598662208,15,62.52,318.1939799331104,41.12
300655,晶瑞股份,化工原料,江苏,76.23,0.22,0.88,91215.93,62853.13,17483.17,24988.8,2.83,0.46,5.05,6.18,20170523,8995.71,1.02,21.52,6.72,28.38,6.77,8860.0,8.3,32.7,293.9759036144578,14,42.97,417.71084337349396,31.25
300706,阿石创,元器件,福建,134.29,0.2,0.78,54618.32,38031.87,12351.55,23252.9,2.97,0.59,5.2,15.25,20170926,8514.05,1.09,0.0,0.0,36.42,19.94,14685.0,11.96,74.5,522.9096989966555,19,123.55,933.0267558528427,79.28
002903,宇环数控,机床制造,湖南,50.11,0.25,1.0,46765.4,35099.05,5475.37,4677.06,0.47,0.9,4.38,10.27,20171013,17691.53,1.77,0.0,0.0,48.77,33.79,51373.0,15.34,56.48,268.1877444589309,13,64.27,318.97001303780957,44.96
002877,智能自控,电器仪表,江苏,100.03,0.31,1.22,82386.47,64636.5,5666.33,22719.17,1.86,0.44,4.79,8.14,20170605,20218.09,1.65,12.35,4.16,40.65,15.5,16200.0,10.08,29.4,191.66666666666666,11,40.01,296.9246031746032,38.99
300661,圣邦股份,元器件,北京,91.35,0.15,0.61,86190.96,82643.93,1150.35,43999.46,7.23,1.15,12.94,9.16,20170606,19735.47,3.24,0.0,0.0,43.62,16.02,5788.0,39.36,74.06,88.16056910569107,7,119.59,203.83638211382114,118.5
603103,横店影视,影视音像,浙江,43.5,0.53,4.53,304699.53,145542.88,76836.18,75497.65,1.67,0.8,4.36,7.29,20171012,67660.2,1.49,10.38,-7.16,23.98,13.13,30500.0,0.0,0,0.0,0,0.0,0.0,0.0
300604,长川科技,专用机械,浙江,136.8,0.19,0.78,45659.45,40452.9,469.01,22787.25,2.92,0.37,5.13,11.53,20170417,7984.97,1.02,0.0,0.0,57.5,25.64,7750.0,11.93,46.5,289.7736797988265,13,74.68,525.9849119865885,59.18
002863,今飞凯达,汽车配件,浙江,62.36,0.56,2.22,380894.66,196652.09,138137.55,29541.88,1.33,0.3,4.1,4.18,20170418,34964.18,1.58,12.47,-16.74,16.57,2.36,26655.0,6.58,23.17,252.12765957446814,12,24.77,276.44376899696044,17.14
002913,奥士康,半导体,湖南,41.61,0.36,1.44,190226.63,104183.22,81802.18,36910.96,2.56,0.7809999999999999,13.63,3.18,20171201,36008.44,2.5,0.0,0.0,23.97,9.18,30331.0,36.46,53.58,46.95556774547448,4,58.23,59.709270433351605,43.32
300671,富满电子,半导体,深圳,90.04,0.25,1.01,68242.43,51843.62,14202.12,25914.81,2.56,0.41,5.64,7.31,20170705,10927.21,1.08,0.0,0.0,27.95,11.63,10178.0,10.58,25.76,143.47826086956525,10,50.88,380.9073724007562,41.22
300643,万通智控,汽车配件,浙江,62.25,0.5,2.0,47352.26,34694.26,7265.92,13293.52,0.66,0.16,2.03,5.98,20170505,6597.15,0.33,0.0,0.0,31.97,12.6,22522.0,5.16,19.26,273.2558139534884,14,23.31,351.7441860465116,12.17
300628,亿联网络,通信设备,福建,29.89,0.37,1.49,286555.59,274086.88,1734.29,152470.25,10.21,3.49,19.11,6.67,20170317,102945.3,6.89,0.0,0.0,62.84,44.88,23900.0,106.4,346.62,225.7706766917293,11,378.0,255.26315789473685,127.43
300705,九典制药,化学制药,湖南,64.9,0.29,1.17,76920.25,51869.26,13084.78,39612.62,3.38,0.72,5.63,6.74,20171010,12709.62,1.08,42.01,25.76,51.93,12.83,18047.0,12.44,36.42,192.76527331189715,10,40.66,226.84887459807075,37.93
603725,天安新材,塑料,广东,60.53,0.37,1.47,127194.36,81453.65,36555.32,42226.6,2.88,0.31,5.2,3.6,20170906,17420.25,1.19,0.0,0.0,19.92,5.1,17397.0,0.0,0,0.0,0,0.0,0.0,0.0
300680,隆盛科技,汽车配件,江苏,114.66,0.17,0.68,46213.92,31780.6,10598.8,17261.03,2.54,0.24,4.97,6.14,20170725,8266.24,1.22,0.0,0.0,31.21,11.61,8348.0,10.42,29.77,185.700575815739,10,45.2,333.78119001919384,30.53
300689,澄天伟业,元器件,深圳,52.84,0.17,0.68,59502.82,38159.35,18233.74,25023.74,3.68,0.77,7.88,5.38,20170809,20285.0,2.98,0.0,0.0,36.29,18.99,11854.0,17.27,67.4,290.2721482339317,14,78.69,355.6456282570932,42.39
603233,大参林,医药商业,广东,46.8,0.4,4.0,529483.38,385012.53,65721.5,96451.31,2.41,0.99,6.6,8.66,20170731,120618.45,3.02,0.0,0.0,40.27,6.92,8873.0,0.0,0,0.0,0,0.0,0.0,0.0
002890,弘宇股份,农用机械,山东,42.83,0.17,0.67,59932.63,41328.84,15035.15,20516.05,3.08,0.72,7.55,4.38,20170802,20589.6,3.09,0.0,0.0,29.45,15.82,10636.0,15.31,31.08,103.00457217504896,6,46.6,204.37622468974527,33.09
002905,金逸影视,影视音像,广东,33.64,0.42,1.68,234963.84,128128.9,62620.42,1723.42,0.1,1.14,11.22,3.42,20171016,80151.4,4.77,0.0,0.0,26.06,8.77,28193.0,25.18,50.35,99.96028594122319,6,53.52,112.54964257347103,38.4
603527,众源新材,铜,安徽,39.4,0.31,1.24,115825.95,99296.0,11493.58,41750.87,3.36,0.62,6.28,4.06,20170907,19171.67,1.54,0.0,0.0,7.77,2.78,24796.0,0.0,0,0.0,0,0.0,0.0,0.0
603488,展鹏科技,电气设备,江苏,64.07,0.52,2.08,85888.0,70746.7,11986.28,32821.3,1.58,0.29,3.75,5.67,20170516,20415.85,0.98,0.0,0.0,39.27,25.17,20304.0,0.0,0,0.0,0,0.0,0.0,0.0
300668,杰恩设计,装修装饰,深圳,59.91,0.11,0.42,41349.9,31173.94,8561.62,20319.84,4.82,1.23,9.1,9.1,20170619,11754.1,2.79,0.0,0.0,50.75,23.49,8544.0,25.1,65.95,162.74900398406373,9,98.75,293.42629482071715,82.82
603055,台华新材,纺织,浙江,22.61,0.68,5.48,350262.25,201474.06,118167.81,72129.5,1.32,0.57,4.0,3.74,20170921,91141.0,1.66,0.0,0.0,28.34,13.47,65463.0,0.0,0,0.0,0,0.0,0.0,0.0
300648,星云股份,电器仪表,福建,64.53,0.17,0.68,63664.26,50674.81,6931.08,29323.72,4.33,0.73,7.35,7.55,20170425,12646.23,1.87,0.0,0.0,55.86,23.26,5455.0,18.89,60.31,219.26945473795658,11,89.99,376.38962413975645,55.52
603496,恒为科技,电脑设备,上海,47.58,0.25,1.0,75470.06,68643.18,5950.35,36088.59,3.61,0.67,6.55,5.38,20170607,16219.5,1.62,0.0,0.0,57.33,25.28,10200.0,0.0,0,0.0,0,0.0,0.0,0.0
603880,南卫股份,医疗保健,江苏,44.65,0.25,1.0,79917.36,59580.63,6927.55,26054.42,2.61,0.51,5.25,4.66,20170807,14259.19,1.43,0.0,0.0,27.34,11.41,14317.0,0.0,0,0.0,0,0.0,0.0,0.0
300663,科蓝软件,软件服务,北京,0.0,0.33,1.34,100504.81,95675.75,207.8,37248.46,2.78,-0.56,4.38,6.99,20170608,5791.01,0.43,0.0,0.0,34.29,-21.19,15286.0,8.72,26.2,200.45871559633022,11,34.88,300.00000000000006,30.65
603500,祥和实业,运输设备,浙江,38.16,0.32,1.26,84469.34,68559.8,10167.76,50089.93,3.98,0.58,6.07,3.78,20170904,12608.44,1.0,0.0,0.0,51.68,27.87,24404.0,0.0,0,0.0,0,0.0,0.0,0.0
603679,华体科技,电气设备,四川,60.06,0.25,1.01,66248.49,52862.53,5497.2,19407.0,1.92,0.36,4.94,4.82,20170621,17812.61,1.76,0.0,0.0,34.15,10.35,8190.0,0.0,0,0.0,0,0.0,0.0,0.0
300633,开立医疗,医疗保健,深圳,79.89,0.4,4.0,132820.06,111001.67,4207.62,20820.48,0.52,0.3,2.65,11.54,20170406,33238.78,0.83,61.91,116.6,68.95,17.99,10615.0,6.28,22.0,250.3184713375796,12,31.52,401.9108280254777,30.58
603076,乐惠国际,专用机械,浙江,34.22,0.19,0.75,130206.77,107880.17,15930.37,19900.86,2.67,0.711,7.66,4.23,20171113,12812.15,1.72,0.0,0.0,28.22,8.29,17463.0,0.0,0,0.0,0,0.0,0.0,0.0
300707,威唐工业,专用机械,江苏,45.34,0.2,0.79,78813.49,59395.21,12535.26,34471.37,4.39,1.22,7.38,7.51,20171010,13002.28,1.65,0.0,0.0,46.67,21.59,13101.0,18.11,53.88,197.5151849806737,10,74.39,310.76753175041415,55.45
300723,一品红,化学制药,广东,44.65,0.4,1.6,80522.63,45895.98,15955.37,5294.9,0.33,0.688,7.01,5.84,20171116,26448.46,1.65,0.0,0.0,55.82,10.61,23849.0,20.46,39.16,91.39784946236557,7,45.98,124.7311827956989,40.96
002902,铭普光磁,元器件,广东,64.58,0.35,1.4,167883.38,136394.7,24676.77,52338.06,3.74,0.71,7.46,4.97,20170929,33944.12,2.42,7.32,-11.36,17.74,5.32,30375.0,16.96,52.2,207.7830188679245,12,60.77,258.313679245283,37.07
300683,海特生物,生物制药,湖北,38.16,0.26,1.03,187861.19,172876.52,7406.18,99059.78,9.58,1.051,15.85,3.38,20170808,47097.12,4.56,0.0,0.0,95.45,18.83,17927.0,43.48,57.0,31.09475620975162,3,73.85,69.84820607175712,53.5
603776,永安行,公共交通,江苏,60.83,0.24,0.96,205406.72,134980.34,11376.96,74234.21,7.73,1.02,12.54,5.34,20170817,33828.28,3.52,0.0,0.0,25.07,10.55,16701.0,0.0,0,0.0,0,0.0,0.0,0.0
300623,捷捷微电,半导体,江苏,43.01,0.37,0.94,133111.38,91724.8,25565.35,71621.06,7.65,1.203,13.04,5.29,20170314,33622.19,3.59,0.0,0.0,56.49,35.61,15562.0,33.16,102.93,210.40410132689993,12,113.56,242.46079613992768,69.0
300739,明阳电路,元器件,深圳,41.45,0.31,1.23,96984.0,54019.57,36262.06,26068.9,2.12,0.7559999999999999,5.45,7.67,20180201,14147.72,1.15,0.0,0.0,32.15,11.74,61548.0,29.44,42.31,43.71603260869565,5,50.49,71.50135869565217,41.78
603501,韦尔股份,半导体,上海,139.7,0.42,4.56,204200.45,169034.19,17705.68,20316.35,0.45,0.24,2.73,15.01,20170504,47177.93,1.04,0.0,0.0,19.1,6.2,22079.0,0.0,0,0.0,0,0.0,0.0,0.0
603078,江化微,化工原料,江苏,72.95,0.15,0.6,88245.27,59693.94,16189.12,37458.55,6.24,0.95,12.46,5.24,20170410,28535.31,4.76,6.37,-22.14,35.13,15.15,5195.0,0.0,0,0.0,0,0.0,0.0,0.0
002880,卫光生物,生物制药,深圳,42.45,0.27,1.08,134295.95,86767.21,23844.31,63930.23,5.92,1.19,10.7,5.24,20170616,36055.51,3.34,0.0,0.0,45.93,24.26,17771.0,33.14,78.26,136.14966807483404,9,81.68,146.46952323476165,56.05
603083,剑桥科技,通信设备,上海,62.18,0.24,0.98,184472.72,123587.26,42335.89,27968.4,2.86,0.563,9.91,4.71,20171110,34414.28,3.52,0.0,0.0,15.45,2.98,17000.0,0.0,0,0.0,0,0.0,0.0,0.0
300717,华信新材,塑料,江苏,56.09,0.16,0.64,56340.43,36414.71,15277.92,27629.1,4.32,0.87,7.9,4.78,20171106,14802.45,2.31,24.59,2.13,29.58,15.18,14533.0,17.09,48.7,184.9619660620246,10,52.2,205.44177881802224,37.76
002870,香山股份,电器仪表,广东,43.83,0.28,1.11,97896.68,73426.71,18021.32,46900.23,4.22,0.72,7.26,3.89,20170515,18688.01,1.68,12.21,-31.34,29.98,7.69,16943.0,24.53,40.12,63.55483081940479,5,47.4,93.23277619241742,28.2
603367,辰欣药业,化学制药,山东,32.89,1.0,4.53,474188.81,308525.56,116449.76,188167.36,4.15,0.97,8.21,3.24,20170929,121580.56,2.68,15.51,48.74,51.08,12.4,51681.0,0.0,0,0.0,0,0.0,0.0,0.0
002878,元隆雅图,文教休闲,北京,48.64,0.19,0.77,64056.46,61544.55,2195.7,27841.66,3.63,0.79,6.76,6.45,20170606,12602.85,1.65,0.0,0.0,24.59,8.96,11903.0,17.38,43.0,147.4108170310702,8,53.62,208.51553509781357,43.6
603326,我乐家居,家居用品,江苏,61.37,0.4,1.61,102061.71,60829.38,21479.1,40810.96,2.53,0.3,4.38,4.68,20170616,13480.7,0.84,0.0,0.0,37.09,6.84,10224.0,0.0,0,0.0,0,0.0,0.0,0.0
300722,新余国科,专用机械,江西,84.08,0.2,0.8,43229.96,20194.17,17876.42,7793.16,0.97,0.34600000000000003,3.69,10.5,20171110,6789.25,0.85,0.0,0.0,47.23,19.67,40001.0,11.75,40.7,246.3829787234043,13,44.77,281.0212765957447,38.75
603335,迪生力,汽车配件,广东,60.77,0.63,2.53,85590.4,62882.2,10547.92,19326.0,0.76,0.14,2.26,4.26,20170620,10489.32,0.41,0.0,0.0,34.22,4.97,21703.0,0.0,0,0.0,0,0.0,0.0,0.0
603387,基蛋生物,生物制药,江苏,42.35,0.33,1.33,117586.5,97487.6,13610.1,69607.67,5.24,1.3,8.24,7.12,20170717,23361.14,1.76,0.0,0.0,83.99,41.78,13968.0,0.0,0,0.0,0,0.0,0.0,0.0
300738,奥飞数据,电信运营,广东,76.53,0.16,0.65,33440.9,0.0,0.0,0.0,0.0,0.76,5.24,14.79,20180119,0.0,0.0,0.0,0.0,0.0,17.33,32672.0,21.78,61.01,180.119375573921,11,83.88,285.1239669421487,77.5
002858,力盛赛车,文教休闲,上海,500.52,0.31,0.63,41813.73,30487.98,6666.91,17421.46,2.76,0.06,6.37,6.28,20170324,11501.69,1.82,0.0,0.0,28.86,2.96,7270.0,12.8,78.14,510.46875,18,83.37,551.328125,40.03
300672,国科微,半导体,湖南,1310.63,0.28,1.12,96894.68,71145.5,7825.18,69048.31,6.18,0.05,8.66,8.2,20170712,10634.24,0.95,0.0,0.0,48.04,2.52,15712.0,10.18,25.31,148.62475442043223,8,78.48,670.9233791748528,70.97
603656,泰禾光电,专用机械,安徽,37.55,0.45,1.06,90504.56,76266.75,11164.28,36806.35,3.46,0.63,7.55,3.85,20170321,29345.72,2.76,2.05,4.24,54.65,21.72,10509.0,0.0,0,0.0,0,0.0,0.0,0.0
603396,金辰股份,专用机械,辽宁,36.43,0.19,0.76,144404.7,120942.6,16096.63,45521.01,6.02,1.27,10.93,3.36,20171018,26411.9,3.5,33.17,16.48,44.26,13.34,12745.0,0.0,0,0.0,0,0.0,0.0,0.0
300709,精研科技,元器件,江苏,34.25,0.22,0.88,104817.97,51288.05,36566.43,11419.26,1.3,1.78,14.44,4.23,20171019,26389.69,3.0,0.0,0.0,40.49,17.04,16000.0,46.44,91.01,95.97329888027565,7,112.6,142.46339362618434,61.03
300678,中科信息,软件服务,四川,376.82,0.25,1.0,66166.78,52995.73,1981.14,25884.55,2.59,0.15,5.23,11.72,20170728,10997.0,1.1,0.0,0.0,33.38,9.75,20478.0,9.42,27.3,189.80891719745225,10,92.99,887.1549893842888,61.32
300735,光弘科技,通信设备,广东,44.21,0.89,3.55,106216.22,48046.23,48601.87,23199.53,0.65,0.397,4.53,5.17,20171229,22749.5,0.64,0.0,0.0,27.77,14.27,58300.0,11.99,29.64,147.20600500417012,8,30.8,156.88073394495416,23.4
603232,格尔软件,软件服务,上海,209.03,0.15,0.61,54129.46,42022.75,5866.74,25028.39,4.1,0.2,8.44,5.8,20170421,17647.72,2.89,0.0,0.0,59.28,8.55,8076.0,0.0,0,0.0,0,0.0,0.0,0.0
603920,世运电路,元器件,广东,31.35,0.89,4.02,294390.53,242341.84,41304.05,131502.31,3.27,0.46,5.78,2.85,20170426,53326.1,1.33,0.0,0.0,23.67,10.74,42042.0,0.0,0,0.0,0,0.0,0.0,0.0
300635,达安股份,建筑施工,广东,44.48,0.34,1.36,71383.88,61292.0,3714.35,22032.56,1.62,0.41,4.4,3.85,20170331,21221.7,1.56,-0.29,-6.07,34.69,12.73,12400.0,16.36,36.62,123.83863080684596,9,54.65,234.04645476772617,16.94
002897,意华股份,元器件,浙江,42.41,0.27,1.07,153624.31,112498.31,27231.19,57790.38,5.42,0.69,10.31,3.78,20170907,36858.78,3.46,0.0,0.0,27.95,8.38,20500.0,24.82,52.0,109.50846091861402,7,63.58,156.16438356164383,39.02
300692,中环环保,环境保护,安徽,84.24,0.27,1.07,102854.4,36178.81,4976.6,41560.71,3.9,0.42,6.53,5.55,20170821,15655.42,1.47,0.0,0.0,45.89,26.48,22671.0,10.54,56.02,431.49905123339664,17,66.77,533.4914611005693,36.26
300718,长盛轴承,机械基件,浙江,34.2,0.25,1.0,65926.93,35170.96,21691.15,11251.0,1.13,0.93,10.16,4.18,20171106,33853.01,3.39,0.0,0.0,38.29,22.22,15314.0,22.27,51.17,129.77099236641223,8,56.98,155.85990121239334,42.42
300725,药石科技,化工原料,江苏,113.11,0.18,0.73,36124.62,22444.4,8258.13,17407.75,2.37,0.718,6.75,16.04,20171110,6652.74,0.91,0.0,0.0,64.88,26.89,12467.0,13.58,67.7,398.52724594992634,16,143.0,953.0191458026508,108.25
300715,凯伦股份,其他建材,江苏,74.13,0.18,0.72,66563.77,49361.43,14090.9,19453.36,2.7,0.78,5.3,8.65,20171026,10222.87,1.42,46.57,10.77,37.59,11.31,11200.0,15.0,54.7,264.6666666666667,12,55.97,273.1333333333333,45.89
300685,艾德生物,生物制药,福建,105.78,0.2,0.8,67973.31,53230.9,12764.17,39687.85,4.96,0.848,7.79,15.36,20170802,13857.11,1.73,0.0,0.0,92.28,27.97,14639.0,16.63,91.8,452.0144317498497,17,123.0,639.6271797955502,119.65
300627,华测导航,通信设备,上海,72.9,0.5,1.23,95269.3,88869.28,2105.35,37333.87,3.03,0.59,6.51,7.77,20170321,19288.67,1.56,0.0,0.0,54.56,14.97,16380.0,15.32,61.0,298.17232375979114,14,68.0,343.864229765013,50.52
300651,金陵体育,文教休闲,江苏,107.74,0.19,0.76,76873.36,42817.45,17594.25,24851.65,3.28,0.35,7.78,4.98,20170509,24442.67,3.23,0.0,0.0,43.68,10.29,8673.0,16.45,43.88,166.74772036474167,9,46.55,182.97872340425533,38.71
002882,金龙羽,电气设备,深圳,28.98,0.8,4.25,167872.94,140300.13,19630.26,55981.5,1.32,0.49,3.27,3.97,20170717,35030.9,0.82,32.03,61.22,16.84,8.04,34634.0,7.44,16.63,123.52150537634405,8,20.33,173.25268817204298,12.97
002859,洁美科技,元器件,浙江,43.19,0.58,2.56,156297.41,77747.75,65208.28,64600.44,2.53,0.79,5.27,6.29,20170407,40015.18,1.56,32.26,42.07,40.13,19.69,21600.0,35.78,71.01,98.46282839575183,6,124.0,246.5623253214086,33.14
603466,风语筑,文教休闲,上海,41.68,0.36,1.44,193517.22,163840.27,21432.76,34495.55,2.4,1.025,6.68,8.53,20171020,25636.81,1.78,0.0,0.0,29.47,12.19,37538.0,0.0,0,0.0,0,0.0,0.0,0.0
002887,绿茵生态,建筑施工,天津,34.14,0.2,0.8,197914.13,192286.88,3713.65,106849.32,13.36,2.03,19.84,3.75,20170801,40498.98,5.06,0.0,0.0,40.36,26.26,14782.0,55.45,74.64,34.60775473399458,3,105.0,89.35978358881876,74.41
002909,集泰股份,化工原料,广东,50.65,0.3,1.2,62304.0,41796.75,9150.53,7847.68,0.65,0.309,4.04,5.16,20171026,9272.61,0.77,0.0,0.0,29.69,6.79,26270.0,9.86,28.37,187.72819472616635,12,32.9,233.6713995943205,20.84
002920,德赛西威,汽车配件,广东,32.52,1.0,5.5,442787.56,347101.78,52933.41,19826.17,0.36,0.852,6.77,5.46,20171226,87035.38,1.58,0.0,0.0,26.15,10.54,55000.0,24.5,44.56,81.87755102040818,5,48.75,98.9795918367347,36.95
603535,嘉诚国际,仓储物流,广东,29.7,0.38,1.5,171046.63,107917.27,36970.78,63360.6,4.21,0.95,9.17,2.56,20170808,51971.03,3.46,20.47,14.32,23.11,11.49,18263.0,0.0,0,0.0,0,0.0,0.0,0.0
002906,华阳集团,汽车配件,广东,39.56,0.73,4.73,397279.13,285324.5,77893.15,781.62,0.02,0.49,7.39,2.97,20171013,198221.67,4.19,0.0,0.0,21.83,6.37,44702.0,16.43,33.75,105.41692026780281,7,36.09,119.65916007303716,21.93
300710,万隆光电,通信设备,浙江,47.61,0.18,0.69,46719.37,42452.92,2643.13,11356.53,1.66,0.83,6.61,5.95,20171019,15620.62,2.28,0.0,0.0,32.77,12.66,35018.0,17.7,57.2,223.16384180790962,11,64.6,264.97175141242934,39.31
603938,三孚股份,化工原料,河北,41.62,0.38,1.5,100283.78,66194.86,30532.65,38836.76,2.59,0.75,6.2,5.66,20170628,33720.85,2.25,0.0,0.0,28.71,11.91,14365.0,0.0,0,0.0,0,0.0,0.0,0.0
300721,怡达股份,化工原料,江苏,37.75,0.2,0.8,100619.93,60467.48,21425.98,25036.01,3.12,0.616,10.64,2.91,20171115,18573.72,2.32,0.0,0.0,16.71,5.48,14138.0,20.05,38.37,91.37157107231918,7,44.15,120.19950124688279,31.0
300654,世纪天鸿,出版业,山东,121.98,0.23,0.93,63473.5,51035.25,4144.64,20521.21,2.2,0.27,4.55,7.2,20170926,10039.73,1.08,0.0,0.0,33.7,7.49,6556.0,9.25,39.69,329.0810810810811,14,41.47,348.3243243243243,32.75
300693,盛弘股份,电气设备,深圳,53.62,0.23,0.91,78534.15,76455.4,1210.45,35047.78,3.84,0.57,6.41,4.91,20170822,12563.21,1.38,0.0,0.0,50.4,11.96,13821.0,17.3,52.2,201.7341040462428,10,75.0,333.52601156069363,31.47
002908,德生科技,元器件,广东,87.23,0.33,1.33,52750.28,49433.9,2143.8,18700.18,1.4,0.284,4.68,7.07,20171020,8933.8,0.67,0.0,0.0,44.71,14.67,24423.0,9.92,43.5,338.508064516129,15,46.84,372.1774193548387,33.07
300632,光莆股份,半导体,福建,41.06,0.29,1.16,66851.96,43581.01,19568.85,18909.76,1.63,0.42,4.44,4.72,20170406,19050.15,1.65,0.0,0.0,30.13,12.38,11807.0,8.87,27.32,208.00450958286362,12,33.95,282.750845546787,20.95
300679,电连技术,元器件,深圳,28.52,0.3,1.2,329440.88,281085.16,34557.31,225825.5,18.82,2.84,25.92,3.36,20170731,59821.28,4.99,0.0,0.0,47.23,26.21,23713.0,81.26,110.6,36.10632537533841,3,130.96,61.161703174993846,87.15
603906,龙蟠科技,化工原料,江苏,31.4,0.52,2.12,164020.91,110253.07,37962.59,65483.71,3.09,0.37,5.6,2.51,20170410,28491.15,1.35,0.0,0.0,33.32,7.74,20305.0,0.0,0,0.0,0,0.0,0.0,0.0
603896,寿仙谷,中成药,浙江,94.62,0.35,1.4,88362.55,45531.28,13052.17,46605.05,3.33,0.42,5.95,7.71,20170510,19711.7,1.41,0.0,0.0,85.58,21.75,15540.0,0.0,0,0.0,0,0.0,0.0,0.0
300622,博士眼镜,其他商业,深圳,39.99,0.38,0.86,52275.78,45491.73,4196.93,24991.1,2.91,0.48,5.28,4.44,20170315,8581.12,1.0,0.0,0.0,73.32,10.55,12507.0,11.8,45.9,288.98305084745755,13,49.8,322.03389830508473,23.44
002856,美芝股份,装修装饰,深圳,60.63,0.25,1.01,127874.67,122734.51,1154.9,30771.31,3.04,0.39,6.39,4.48,20170320,21293.85,2.1,0.0,0.0,14.74,5.81,18718.0,13.93,40.62,191.6008614501077,10,56.51,305.67121320890163,28.61
300637,扬帆新材,化工原料,浙江,39.08,0.3,1.23,66780.71,46514.07,16618.9,29738.9,2.41,0.45,4.57,4.44,20170412,10421.7,0.85,0.0,0.0,31.24,14.82,11514.0,12.02,28.12,133.9434276206323,8,32.12,167.22129783693842,20.27
002929,润建通信,通信设备,广西,53.32,0.55,2.21,238683.97,227159.88,6207.73,20553.17,0.93,1.085,7.18,8.05,20180301,70067.05,3.17,21.16,33.88,25.32,8.62,105228.0,28.74,50.64,76.20041753653445,5,63.11,119.58942240779403,57.83
603848,好太太,家居用品,广东,38.88,0.41,4.01,95717.3,81363.46,0.0,0.0,0.0,0.344,2.08,8.57,20171201,0.0,0.0,0.0,0.0,0.0,18.06,43177.0,0.0,0,0.0,0,0.0,0.0,0.0
300670,大烨智能,电气设备,江苏,54.73,0.27,1.08,69398.42,59512.13,6638.05,29081.6,2.69,0.37,5.31,4.23,20170703,14113.52,1.31,0.0,0.0,31.06,15.77,13484.0,13.12,30.55,132.85060975609755,7,31.68,141.46341463414637,22.48
002885,京泉华,元器件,深圳,39.54,0.2,0.8,108946.22,79207.06,3430.35,34056.76,4.26,0.8,8.22,4.27,20170627,22010.06,2.75,0.0,0.0,19.77,7.13,13452.0,18.64,43.83,135.13948497854076,9,48.68,161.1587982832618,35.12
603895,天永智能,专用机械,上海,61.52,0.19,0.77,62081.06,0.0,0.0,0.0,0.0,0.653,4.84,11.07,20180122,0.0,0.0,0.0,0.0,0.0,16.74,19298.0,0.0,0,0.0,0,0.0,0.0,0.0
603383,顶点软件,软件服务,福建,84.03,0.21,0.86,106605.52,100992.63,3982.23,46554.81,5.42,0.52,10.16,4.84,20170522,33030.4,3.85,0.0,0.0,79.54,28.86,8493.0,0.0,0,0.0,0,0.0,0.0,0.0
002871,伟隆股份,机械基件,山东,39.46,0.17,0.68,63025.23,47562.51,11729.11,27175.6,4.0,0.74,8.12,4.16,20170511,17105.2,2.52,0.0,0.0,42.75,21.53,8315.0,20.32,44.55,119.24212598425194,8,58.22,186.51574803149606,33.75
603320,迪贝电气,机械基件,浙江,41.65,0.25,1.0,71366.4,53025.98,14112.97,21822.02,2.18,0.47,5.83,3.95,20170502,24962.75,2.5,0.0,0.0,15.69,8.42,4889.0,0.0,0,0.0,0,0.0,0.0,0.0
603303,得邦照明,家用电器,浙江,23.6,1.02,4.08,348649.66,280118.13,28139.49,92190.43,2.26,0.55,5.82,2.09,20170330,93430.82,2.29,24.98,-34.08,14.58,5.21,26500.0,0.0,0,0.0,0,0.0,0.0,0.0
300660,江苏雷利,电气设备,江苏,24.72,0.25,1.02,280316.22,256656.8,16994.2,149836.88,14.7,2.13,19.7,3.04,20170602,33226.21,3.26,0.0,0.0,26.74,12.07,18784.0,60.23,96.83,60.767059604848086,5,105.82,75.69317615806077,59.9
603086,先达股份,农药化肥,山东,25.29,0.2,0.8,125801.6,102135.72,17912.26,47680.48,5.96,1.14,13.55,2.44,20170511,44099.03,5.51,0.0,0.0,28.49,9.17,8776.0,0.0,0,0.0,0,0.0,0.0,0.0
603260,合盛硅业,化工原料,浙江,34.19,0.7,6.7,1137959.63,350271.03,387516.25,108740.97,1.62,1.442,6.02,10.92,20171030,189423.34,2.83,0.0,0.0,36.77,19.63,40000.0,0.0,0,0.0,0,0.0,0.0,0.0
603903,中持股份,环境保护,北京,56.29,0.74,1.03,134481.05,70691.86,289.32,43229.18,4.18,0.65,6.94,4.88,20170314,18596.6,1.8,29.37,33.03,29.47,11.75,14523.0,0.0,0,0.0,0,0.0,0.0,0.0
002889,东方嘉盛,仓储物流,深圳,30.08,0.35,1.38,741289.69,711367.88,22474.17,48426.28,3.51,0.83,9.19,2.92,20170731,59390.7,4.3,0.0,0.0,2.35,1.46,20210.0,15.53,29.0,86.73535093367676,5,44.65,187.50804893754022,26.83
603507,振江股份,钢加工,江苏,27.94,0.31,1.26,119813.13,76824.28,32788.73,23208.65,1.85,0.8390000000000001,6.67,4.68,20171106,28129.02,2.24,0.0,0.0,30.01,13.73,32576.0,0.0,0,0.0,0,0.0,0.0,0.0
603277,银都股份,专用机械,浙江,24.5,0.66,4.01,189337.38,152517.06,25040.5,67890.9,1.69,0.54,3.86,3.86,20170911,38022.75,0.95,0.0,0.0,46.02,17.53,47049.0,0.0,0,0.0,0,0.0,0.0,0.0
603196,日播时尚,服饰,上海,41.72,0.6,2.4,109282.15,79422.81,12476.71,38313.35,1.6,0.22,3.75,2.79,20170531,23447.15,0.98,0.0,0.0,61.82,6.29,22904.0,0.0,0,0.0,0,0.0,0.0,0.0
603042,华脉科技,通信设备,江苏,45.59,0.34,1.39,131671.7,105818.63,15353.82,46638.84,3.36,0.52,6.33,4.21,20170602,24489.99,1.77,0.0,0.0,29.98,7.52,18802.0,0.0,0,0.0,0,0.0,0.0,0.0
603305,旭升股份,汽车配件,浙江,54.86,0.42,4.01,143070.17,70827.36,50639.43,38509.6,0.96,0.59,2.87,10.61,20170710,29845.59,0.75,29.84,9.09,44.43,30.06,15808.0,0.0,0,0.0,0,0.0,0.0,0.0
300687,赛意信息,软件服务,广东,57.11,0.2,0.8,83921.68,80942.17,291.2,49710.67,6.21,1.1,9.13,6.91,20170803,14224.57,1.78,0.0,0.0,31.36,13.34,13585.0,29.23,42.56,45.60383167978105,4,64.98,122.30585015395141,63.08
300736,百华悦邦,通信设备,北京,56.01,0.14,0.54,26685.9,18568.92,680.9,3810.1,0.7,0.603,5.0,9.0,20180109,10620.51,1.96,0.0,0.0,33.02,6.24,12000.0,23.02,53.28,131.45091225021721,9,59.2,157.16768027801916,45.0
300703,创源文化,文教休闲,浙江,43.56,0.2,0.8,80598.07,61087.23,16334.4,37724.14,4.72,0.66,7.29,3.94,20170919,8681.78,1.09,0.0,0.0,31.98,7.81,14320.0,26.18,52.91,102.10084033613444,8,61.23,133.88082505729562,28.7
603378,亚士创能,染料涂料,上海,36.85,0.49,1.95,209883.13,146288.27,14070.97,57839.98,2.97,0.53,6.43,3.04,20170928,46842.21,2.4,0.0,0.0,32.0,8.0,49263.0,0.0,0,0.0,0,0.0,0.0,0.0
300713,英可瑞,电气设备,深圳,44.55,0.11,0.53,48435.67,46137.4,562.05,7440.43,1.4,1.214,16.05,4.49,20171101,17653.26,3.32,0.0,0.0,43.32,24.04,11077.0,48.35,123.89,156.23578076525334,10,138.0,185.41882109617373,72.09
603826,坤彩科技,染料涂料,福建,43.07,0.9,3.6,123860.82,63699.31,38841.78,49162.51,1.37,0.36,3.17,4.46,20170414,25088.42,0.7,14.92,8.52,44.87,25.16,26100.0,0.0,0,0.0,0,0.0,0.0,0.0
300732,设研院,建筑施工,河南,36.35,0.18,0.72,147598.91,108083.01,20620.3,33782.26,4.69,1.679,21.23,3.83,20171212,32869.48,4.57,0.0,0.0,47.88,22.71,16846.0,49.7,82.08,65.15090543259556,4,96.0,93.158953722334,81.4
300642,透景生命,医疗保健,上海,63.38,0.15,0.61,88815.21,73367.0,10703.17,54890.21,9.06,1.45,14.11,7.65,20170421,21864.48,3.61,0.0,0.0,80.32,39.85,10589.0,47.65,101.0,111.96222455403988,9,120.5,152.88562434417628,107.97
603359,东珠景观,建筑施工,江苏,33.35,0.57,2.28,365143.59,315006.38,1765.53,115143.05,5.06,0.98,10.25,3.32,20170901,87743.18,3.86,0.0,0.0,28.14,20.36,42343.0,0.0,0,0.0,0,0.0,0.0,0.0
300554,三超新材,矿物制品,江苏,85.24,0.13,0.52,48783.32,33910.75,12251.67,26058.2,5.01,0.88,9.12,9.81,20170421,10747.62,2.07,0.0,0.0,47.15,24.98,4538.0,17.99,59.84,232.6292384658144,12,90.0,400.27793218454707,89.39
002865,钧达股份,汽车配件,海南,34.11,0.3,1.2,171919.19,107357.55,36469.76,36773.15,3.06,0.61,7.04,2.72,20170425,33302.15,2.78,24.96,20.97,24.6,5.85,15173.0,10.86,38.0,249.90791896869246,12,41.8,284.8987108655617,19.17
603365,水星家纺,纺织,上海,31.48,0.67,2.67,159299.27,117476.07,20967.38,1815.67,0.07,0.588,4.94,5.0,20171120,69662.31,2.61,0.0,0.0,36.86,9.88,57308.0,0.0,0,0.0,0,0.0,0.0,0.0
300676,华大基因,医疗保健,深圳,161.24,0.4,4.0,497262.41,376300.28,66784.4,296176.03,7.4,0.85,10.11,16.61,20170714,62129.11,1.55,0.0,0.0,59.38,21.6,30584.0,16.37,106.4,549.9694563225412,19,261.99,1500.4276114844226,167.88
603602,纵横通信,通信设备,浙江,106.74,0.2,0.8,95226.15,94132.81,642.59,24536.5,3.07,0.46,7.64,6.62,20170810,25104.18,3.14,0.0,0.0,19.75,8.35,16263.0,0.0,0,0.0,0,0.0,0.0,0.0
603200,上海洗霸,环境保护,上海,45.56,0.18,0.74,77430.68,74706.53,1172.18,34197.68,4.64,0.72,9.48,3.97,20170601,26031.21,3.53,0.0,0.0,42.15,20.45,8107.0,0.0,0,0.0,0,0.0,0.0,0.0
603922,金鸿顺,汽车配件,江苏,32.94,0.32,1.28,121764.9,74649.36,24920.25,23127.74,1.81,0.76,6.04,4.13,20171023,22972.01,1.79,0.0,0.0,23.56,9.55,34005.0,0.0,0,0.0,0,0.0,0.0,0.0
300699,光威复材,化工原料,山东,80.09,0.92,3.68,327059.41,227808.72,57491.68,159041.8,4.32,0.73,7.04,8.56,20170901,58167.71,1.58,0.0,0.0,56.6,28.19,45191.0,13.51,69.98,417.9866765358994,17,99.77,638.4900074019245,60.28
002895,川恒股份,化工原料,贵州,56.28,0.4,4.07,238701.34,84658.77,31107.55,67551.93,1.66,0.35,4.72,5.01,20170825,78405.88,1.93,0.0,0.0,27.7,14.36,25808.0,8.44,28.61,238.98104265402847,13,43.0,409.478672985782,23.65
603767,中马传动,汽车配件,浙江,43.62,0.53,2.13,171035.13,60707.46,52901.4,72692.9,3.41,0.31,6.56,2.31,20170613,37664.51,1.77,0.0,0.0,24.05,8.69,26706.0,0.0,0,0.0,0,0.0,0.0,0.0
603079,圣达生物,食品,浙江,45.15,0.2,0.8,98969.43,63499.86,18087.92,46335.25,5.79,0.93,9.42,4.6,20170823,19031.48,2.38,0.0,0.0,35.39,15.59,9682.0,0.0,0,0.0,0,0.0,0.0,0.0
300695,兆丰股份,汽车配件,浙江,31.99,0.17,0.67,192413.63,153057.0,19763.13,99665.31,14.95,2.44,23.17,3.37,20170908,41559.45,6.23,0.0,0.0,49.91,26.42,25951.0,75.2,130.8,73.93617021276597,6,145.33,93.25797872340426,78.14
300645,正元智慧,软件服务,浙江,1049.92,0.17,0.67,79530.81,67775.71,681.71,27784.84,4.17,0.028999999999999998,7.56,5.29,20170421,14387.37,2.16,0.0,0.0,38.86,0.83,3236.0,16.3,48.66,198.5276073619632,11,86.0,427.60736196319016,40.0
002901,大博医疗,医疗保健,福建,52.99,0.4,4.0,128194.11,100067.38,19247.01,41211.75,1.03,0.54,2.89,12.85,20170922,31030.38,0.78,0.0,0.0,82.52,47.65,77749.0,13.87,46.15,232.73251622206203,12,51.83,273.6842105263158,37.16
603595,东尼电子,元器件,浙江,69.81,0.25,1.02,123730.97,74502.65,41724.39,44257.76,4.34,2.03,7.15,16.6,20170712,23748.34,2.33,119.0,173.27,41.46,23.87,5708.0,0.0,0,0.0,0,0.0,0.0,0.0
603127,昭衍新药,医疗保健,北京,81.53,0.21,0.82,94087.4,59744.91,22819.8,26104.34,3.19,1.12,6.81,11.18,20170825,20276.6,2.48,24.6,47.89,56.27,25.37,8206.0,0.0,0,0.0,0,0.0,0.0,0.0
603386,广东骏亚,元器件,广东,51.72,0.51,2.02,121684.05,75937.71,34713.3,24305.42,1.2,0.31,2.97,5.64,20170912,14474.07,0.72,0.0,0.0,17.41,6.95,39743.0,0.0,0,0.0,0,0.0,0.0,0.0
603890,春秋电子,机械基件,江苏,29.64,0.34,1.37,135607.91,102634.4,17329.92,16794.82,1.23,0.852,5.31,6.34,20171212,26800.36,1.96,0.0,0.0,20.8,9.28,35047.0,0.0,0,0.0,0,0.0,0.0,0.0
603630,拉芳家化,日用化工,广东,31.62,0.63,1.74,183306.63,160272.52,7020.49,86962.31,4.99,0.62,9.51,2.51,20170313,56125.71,3.22,0.0,0.0,59.07,13.69,26186.0,0.0,0,0.0,0,0.0,0.0,0.0
300733,西菱动力,汽车配件,四川,47.23,0.4,1.6,102448.71,0.0,0.0,0.0,0.0,0.423,4.91,5.42,20180116,0.0,0.0,0.0,0.0,0.0,15.61,77780.0,15.48,30.93,99.8062015503876,6,32.36,109.0439276485788,26.64
603080,新疆火炬,供气供热,新疆,66.05,0.36,1.42,61963.46,18803.98,25854.02,8874.42,0.63,0.35,4.65,6.62,20180103,27681.71,1.96,0.0,0.0,41.34,22.88,35780.0,0.0,0,0.0,0,0.0,0.0,0.0
603825,华扬联众,互联网,北京,108.21,0.4,1.6,445908.69,407453.44,3331.58,59933.38,3.75,0.29,7.11,4.69,20170802,33288.15,2.08,0.0,0.0,11.25,0.66,13315.0,0.0,0,0.0,0,0.0,0.0,0.0
300641,正丹股份,化工原料,江苏,33.36,0.72,2.88,145087.13,118985.1,17739.67,67049.36,2.33,0.38,4.56,3.28,20170418,30504.65,1.06,0.0,0.0,18.63,10.8,33425.0,12.88,25.66,99.22360248447204,6,29.6,129.81366459627327,14.94
300638,广和通,通信设备,深圳,102.44,0.2,0.8,47571.5,45072.59,1236.92,17151.7,2.14,0.34,4.6,9.33,20170413,8920.67,1.12,0.0,0.0,28.53,7.97,10183.0,12.54,43.92,250.23923444976083,12,55.06,339.07496012759174,42.9
002896,中大力德,机械基件,浙江,53.5,0.2,0.8,79916.28,51022.73,23524.1,32320.94,4.04,0.74,6.66,6.14,20170829,10740.3,1.34,0.0,0.0,32.16,12.69,12117.0,15.51,56.02,261.1863313990974,13,60.75,291.6827852998066,40.9
603181,皇马科技,化工原料,浙江,33.23,0.5,2.0,144005.61,75378.75,57926.11,60985.69,3.05,0.63,6.14,3.54,20170824,40154.26,2.01,0.0,0.0,18.38,8.17,33675.0,0.0,0,0.0,0,0.0,0.0,0.0
300639,凯普生物,医疗保健,广东,59.73,0.22,0.91,102456.88,66566.43,25423.01,52872.26,5.81,0.81,10.54,5.41,20170412,32618.9,3.58,0.0,0.0,84.76,19.41,16415.0,22.07,48.7,120.6615314907114,8,82.8,275.16991391028546,57.03
603129,春风动力,摩托车,浙江,31.6,0.33,1.33,160699.84,134150.17,21014.07,58160.28,4.36,0.79,6.64,4.02,20170818,16833.17,1.26,0.0,0.0,33.04,6.39,16469.0,0.0,0,0.0,0,0.0,0.0,0.0
002853,皮阿诺,家居用品,广东,47.36,0.53,1.55,126108.92,96820.03,15414.8,48838.14,3.14,0.49,5.26,5.4,20170310,23739.42,1.53,0.0,0.0,35.0,12.61,28539.0,37.24,126.23,238.96348012889365,13,140.26,276.6380236305048,28.4
300700,岱勒新材,矿物制品,湖南,52.47,0.21,0.82,99341.38,68426.93,21757.22,23927.61,2.9,1.66,6.47,10.95,20170912,19021.22,2.31,134.82,183.33,48.56,25.57,12100.0,12.59,70.7,461.55679110405083,17,100.98,702.065131056394,70.9
300665,飞鹿股份,染料涂料,湖南,96.53,0.19,0.76,56981.23,47046.92,5139.93,20449.07,2.69,0.24,5.57,4.68,20170613,12149.3,1.6,0.0,0.0,31.1,8.85,9982.0,12.16,36.02,196.21710526315792,11,42.11,246.29934210526315,26.05
002774,快意电梯,运输设备,广东,48.84,0.85,3.35,140048.56,118700.32,12963.57,39752.1,1.19,0.15,2.99,3.02,20170324,18495.2,0.55,0.0,0.0,34.97,8.71,39580.0,7.32,20.51,180.1912568306011,11,22.79,211.33879781420765,9.04
603499,翔港科技,广告包装,上海,59.64,0.25,1.0,46501.03,18143.78,20363.8,11031.2,1.1,0.364,3.93,7.37,20171016,9835.62,0.98,0.0,0.0,26.37,15.1,27897.0,0.0,0,0.0,0,0.0,0.0,0.0
002867,周大生,服饰,深圳,30.13,0.77,4.85,398127.75,377068.34,2904.21,168157.56,3.46,0.92,7.08,4.86,20170427,88235.65,1.82,0.0,0.0,33.08,15.33,54389.0,23.9,44.61,86.65271966527197,5,46.09,92.84518828451885,34.42
300712,永福股份,建筑施工,福建,41.42,0.35,1.4,79420.17,54376.2,21856.78,16785.27,1.2,0.41,6.21,3.64,20171031,19153.6,1.37,0.0,0.0,34.58,14.37,27340.0,14.18,39.7,179.97179125528916,9,40.11,182.86318758815233,22.63
002886,沃特股份,塑料,深圳,67.6,0.2,0.78,93035.74,70320.63,16038.97,31174.06,3.97,0.34700000000000003,8.01,3.9,20170627,20522.03,2.62,0.0,0.0,17.9,5.22,11616.0,15.89,37.4,135.36815607300187,9,47.54,199.18187539332914,31.25
300720,海川智能,电器仪表,广东,69.13,0.18,0.72,29150.1,15357.05,7596.93,3403.25,0.47,0.327,4.41,6.84,20171106,13214.05,1.84,0.0,0.0,59.46,24.34,36001.0,14.09,39.5,180.34066713981548,11,43.88,211.42654364797733,30.18
002893,华通热力,供气供热,北京,65.94,0.3,1.2,142167.38,70570.92,34371.3,26066.85,2.17,0.39,4.97,5.13,20170915,18700.89,1.56,0.0,0.0,17.46,6.33,19442.0,10.27,34.56,236.51411879259985,11,43.48,323.36903602726386,25.48
603612,索通发展,矿物制品,山东,19.26,0.6,2.43,442961.91,211930.97,142450.38,109865.05,4.52,2.66,9.75,4.45,20170718,104452.3,4.3,66.94,516.06,29.31,16.69,28154.0,0.0,0,0.0,0,0.0,0.0,0.0
603316,诚邦股份,建筑施工,浙江,41.76,0.51,2.03,122553.02,116156.22,1444.8,33439.01,1.64,0.3,3.82,3.26,20170619,22025.64,1.08,0.0,0.0,23.23,8.77,17001.0,0.0,0,0.0,0,0.0,0.0,0.0
603787,新日股份,摩托车,江苏,30.32,0.51,2.04,203219.55,162056.44,27252.59,22169.0,1.09,0.4,4.3,3.31,20170427,40743.15,2.0,0.0,0.0,15.7,3.41,18806.0,0.0,0,0.0,0,0.0,0.0,0.0
603811,诚意药业,化学制药,浙江,41.72,0.57,0.85,62937.26,43202.03,11860.6,38490.14,4.52,0.58,7.03,4.24,20170315,7948.47,0.93,0.0,0.0,50.86,20.12,11925.0,0.0,0,0.0,0,0.0,0.0,0.0
603157,拉夏贝尔,服饰,上海,17.65,0.55,5.48,787171.19,505464.0,45548.2,189409.7,3.46,0.98,7.08,2.27,20170925,121535.6,2.22,5.24,-6.29,62.54,5.54,29655.0,0.0,0,0.0,0,0.0,0.0,0.0
002900,哈三联,化学制药,黑龙江,36.06,0.53,2.11,218330.45,136798.06,68109.99,116598.36,5.52,0.8,8.7,3.3,20170922,34533.82,1.64,0.0,0.0,68.8,18.87,50263.0,23.85,38.2,60.167714884696025,6,47.18,97.81970649895177,28.7
300675,建科院,建筑施工,深圳,1442.11,0.37,1.47,64670.91,40249.65,7192.55,12654.12,0.86,0.022000000000000002,2.84,15.04,20170719,10327.9,0.7,0.0,0.0,32.02,1.52,23332.0,4.39,18.69,325.7403189066059,14,52.74,1101.366742596811,42.76
603178,圣龙股份,汽车配件,浙江,28.17,0.5,2.03,210547.72,97909.45,65338.1,33623.3,1.65,0.5,4.03,3.25,20170328,27777.35,1.37,25.73,18.54,22.18,6.0,18546.0,0.0,0,0.0,0,0.0,0.0,0.0
603133,碳元科技,元器件,江苏,99.31,1.12,2.08,104745.84,70952.21,15331.48,42398.89,2.04,0.23,4.24,6.47,20170320,21053.43,1.01,0.0,0.0,26.6,11.89,25585.0,0.0,0,0.0,0,0.0,0.0,0.0
603912,佳力图,专用机械,江苏,53.3,0.37,1.5,60002.8,46834.18,8263.75,9143.03,0.61,0.48,2.82,8.88,20171101,10307.12,0.69,0.0,0.0,41.45,16.86,36508.0,0.0,0,0.0,0,0.0,0.0,0.0
300647,超频三,元器件,深圳,82.14,0.3,1.23,108452.85,61167.55,31219.75,28583.22,2.32,0.31,4.13,5.42,20170503,12190.03,0.99,19.54,-36.51,31.45,8.16,14004.0,10.75,33.88,215.16279069767447,11,36.67,241.11627906976744,22.4
002875,安奈儿,服饰,深圳,37.97,0.25,1.02,108641.26,89937.22,15662.4,44662.64,4.39,0.77,7.8,3.3,20170601,24183.03,2.38,12.07,-12.95,55.46,6.68,12076.0,22.53,47.74,111.89525077674212,7,47.89,112.56102973812693,25.73
603605,珀莱雅,日用化工,浙江,37.27,0.5,2.0,176726.31,92891.28,26144.46,13368.42,0.67,0.629,4.57,6.83,20171115,37375.73,1.87,0.0,0.0,62.7,10.36,48130.0,0.0,0,0.0,0,0.0,0.0,0.0
002855,捷荣技术,塑料,广东,59.96,0.83,2.4,184022.27,136125.52,35061.31,50064.23,2.09,0.16,4.98,2.31,20170321,40627.15,1.69,0.0,0.0,17.84,3.2,30896.0,7.85,28.31,260.6369426751593,12,29.57,276.687898089172,11.48
300697,电工合金,铜,江苏,57.86,0.4,1.6,115575.71,100680.24,10725.25,36459.09,2.28,0.38,4.44,5.07,20170907,16338.45,1.02,0.0,0.0,12.57,4.9,22857.0,9.16,35.35,285.9170305676856,14,38.89,324.5633187772926,22.52
002891,中宠股份,饲料,山东,44.59,0.25,1.0,100509.2,57850.36,17169.53,40538.34,4.05,0.88,6.93,4.74,20170821,17034.73,1.7,28.37,9.51,24.81,7.26,13387.0,18.55,45.35,144.4743935309973,9,50.2,170.6199460916442,32.85
603050,科林电气,电气设备,河北,78.94,0.4,1.6,168166.63,136596.86,17398.42,47005.43,2.94,0.2,5.84,3.2,20170414,27867.3,1.74,0.0,0.0,30.07,5.24,18575.0,0.0,0,0.0,0,0.0,0.0,0.0
300673,佩蒂股份,饲料,浙江,45.46,0.2,0.8,97686.93,74957.63,12127.11,58399.8,7.3,0.95,10.61,4.35,20170711,13080.0,1.64,0.0,0.0,34.65,14.41,6807.0,29.49,44.6,51.2377076975246,5,51.39,74.26246185147508,46.2
603985,恒润股份,机械基件,江苏,30.69,0.2,0.8,116917.57,75821.02,30445.21,60173.8,7.52,0.92,12.2,2.67,20170505,28586.64,3.57,0.0,0.0,31.6,11.84,12948.0,0.0,0,0.0,0,0.0,0.0,0.0
300729,乐歌股份,家居用品,浙江,42.43,0.22,0.86,68235.78,35808.98,23293.65,4483.5,0.52,0.512,5.88,4.92,20171201,23977.88,2.79,0.0,0.0,47.26,8.27,44879.0,21.2,36.88,73.96226415094341,7,40.98,93.30188679245282,28.95
002907,华森制药,化学制药,重庆,124.02,0.4,4.0,70735.78,40050.03,13501.01,36.72,0.0,0.23199999999999998,1.54,24.9,20171020,17636.82,0.44,0.0,0.0,67.17,21.04,78250.0,5.98,27.34,357.190635451505,16,47.92,701.3377926421405,38.34
603136,天目湖,旅游景点,江苏,29.82,0.2,0.8,131533.55,42980.46,75561.21,35576.37,4.45,1.3,9.39,4.14,20170927,28497.36,3.56,0.0,0.0,68.22,22.31,19990.0,0.0,0,0.0,0,0.0,0.0,0.0
002862,实丰文化,文教休闲,广东,49.07,0.2,0.8,58805.38,37606.35,8604.51,30780.23,3.85,0.59,6.77,3.93,20170411,13683.19,1.71,7.74,8.29,26.83,9.94,7470.0,14.74,39.13,165.46811397557667,10,42.94,191.3161465400271,26.62
002884,凌霄泵业,专用机械,广东,23.29,0.19,0.77,125095.22,113225.95,9585.25,54444.19,7.03,2.1,14.82,3.54,20170711,42108.85,5.44,0.0,0.0,29.33,18.55,14337.0,34.93,55.95,60.17749785284857,5,68.8,96.96535929000858,52.51
300740,御家汇,日用化工,湖南,57.99,0.4,1.6,85748.68,71829.68,10485.24,11904.9,0.74,0.991,4.5,12.77,20180208,29267.01,1.83,40.61,114.85,52.63,9.63,26000.0,25.48,43.2,69.54474097331241,5,60.88,138.93249607535324,57.44
603717,天域生态,环境保护,重庆,57.8,0.87,1.73,204868.02,167970.69,2583.59,65438.71,3.79,0.31,7.48,2.96,20170327,36251.15,2.1,0.0,0.0,30.25,9.28,20788.0,0.0,0,0.0,0,0.0,0.0,0.0
601949,中国出版,出版业,北京,59.19,3.65,18.23,1042870.19,777537.38,117866.38,116720.61,0.64,0.1,2.93,2.21,20170821,236952.91,1.3,0.0,0.0,31.68,5.37,126297.0,4.01,13.36,233.16708229426436,11,14.54,262.5935162094763,6.48
300727,润禾材料,化工原料,浙江,74.56,0.24,0.98,43196.92,25291.61,12968.0,10365.67,1.06,0.355,4.76,7.42,20171127,8362.07,0.86,0.0,0.0,29.56,10.75,50562.0,10.01,32.04,220.07992007992007,11,39.6,295.6043956043957,35.3
603041,美思德,化工原料,江苏,36.17,0.47,1.0,79577.86,62988.16,13688.32,31495.69,3.15,0.46,7.0,2.9,20170330,25164.65,2.52,0.0,0.0,35.49,17.78,12725.0,0.0,0,0.0,0,0.0,0.0,0.0
603871,嘉友国际,仓储物流,北京,23.76,0.2,0.8,83572.52,62979.11,13814.36,13638.36,1.7,2.147,8.99,7.57,20180206,32877.64,4.11,0.0,0.0,10.15,7.07,20000.0,0.0,0,0.0,0,0.0,0.0,0.0
300690,双一科技,电气设备,山东,33.43,0.17,0.69,105761.3,85889.3,15717.12,60049.26,8.66,1.91,13.45,3.96,20170808,22396.92,3.23,24.0,2.64,43.72,18.59,11678.0,38.54,57.25,48.546964193046186,3,78.38,103.37311883757134,53.3
603106,恒银金融,电脑设备,天津,38.08,0.7,2.8,212309.42,190471.27,16428.07,98290.57,3.51,0.59,5.56,4.02,20170920,27721.1,0.99,0.0,0.0,33.95,11.23,36000.0,0.0,0,0.0,0,0.0,0.0,0.0
300698,万马科技,通信设备,浙江,93.47,0.34,1.34,58830.53,48003.17,5912.91,15938.4,1.19,0.29,2.85,9.83,20170831,8173.81,0.61,0.0,0.0,42.04,10.61,32250.0,7.92,46.4,485.8585858585858,19,50.5,537.6262626262626,28.04
300657,弘信电子,元器件,福建,73.4,0.26,1.04,184841.84,111414.6,59763.01,34871.59,3.35,0.53,6.33,7.02,20170523,18206.14,1.75,0.0,0.0,13.57,3.79,11765.0,9.32,35.03,275.85836909871244,14,72.62,679.1845493562231,44.47
603917,合力科技,专用机械,浙江,37.6,0.28,1.12,79990.81,47954.71,23861.0,516.34,0.05,0.47600000000000003,5.29,4.51,20171204,30964.55,2.76,0.0,0.0,33.48,15.3,30974.0,0.0,0,0.0,0,0.0,0.0,0.0
603728,鸣志电器,电气设备,上海,42.29,0.8,3.2,207778.72,167417.06,14151.3,83079.72,2.6,0.369,5.14,4.05,20170509,46121.4,1.44,0.0,0.0,38.09,9.77,24562.0,0.0,0,0.0,0,0.0,0.0,0.0
002868,绿康生化,农业综合,福建,27.79,0.3,1.2,73692.9,47787.12,19979.85,37592.82,3.13,0.69,5.68,3.9,20170503,15819.67,1.32,0.0,0.0,43.19,24.84,19732.0,18.24,42.98,135.6359649122807,8,45.97,152.02850877192984,22.13
002869,金溢科技,通信设备,深圳,47.27,0.3,1.18,130027.85,115040.45,4355.43,62804.43,5.33,0.56,8.59,3.56,20170515,23222.95,1.97,0.0,0.0,44.03,13.6,21360.0,26.16,47.29,80.77217125382263,6,55.0,110.2446483180428,30.62
300621,维业股份,装修装饰,深圳,34.49,0.43,1.39,186181.06,169977.59,2515.88,32017.83,2.31,0.46,6.18,3.1,20170316,26666.5,1.92,0.0,0.0,13.34,4.22,19044.0,10.32,33.54,225.0,12,36.89,257.4612403100775,19.13
603458,勘设股份,建筑施工,贵州,22.69,0.31,1.24,317567.16,266538.56,29257.3,81255.53,6.54,2.64,15.13,4.1,20170809,87158.32,7.02,0.0,0.0,44.57,19.69,16545.0,0.0,0,0.0,0,0.0,0.0,0.0
300652,雷迪克,汽车配件,浙江,31.64,0.22,0.88,86377.02,66539.22,9216.28,35097.0,3.99,0.72,7.45,3.5,20170516,17710.53,2.01,0.0,0.0,32.2,15.72,11618.0,20.97,37.94,80.92513113972342,7,43.93,109.4897472579876,26.06
603161,科华控股,汽车配件,江苏,31.95,0.33,1.33,174029.09,75809.77,50636.46,23224.47,1.74,0.5820000000000001,6.29,3.94,20180105,26920.22,2.02,0.0,0.0,32.26,12.35,34092.0,0.0,0,0.0,0,0.0,0.0,0.0
300681,英搏尔,元器件,广东,47.86,0.19,0.76,90578.46,71016.46,15374.7,36092.4,4.77,1.31,8.5,6.28,20170725,18193.82,2.41,31.56,28.94,31.86,15.72,8701.0,20.95,45.95,119.33174224343678,7,83.06,296.46778042959426,53.37
601366,利群股份,百货,山东,24.36,1.76,8.61,803135.0,330731.0,291442.31,176267.38,2.05,0.35,5.13,2.02,20170412,149984.42,1.74,0.0,0.0,20.36,3.53,66455.0,10.58,18.74,77.1266540642722,6,20.6,94.7069943289225,10.35
603933,睿能科技,纺织机械,福建,31.33,0.26,1.03,137609.25,128214.97,5678.25,49808.84,4.85,1.57,9.46,4.56,20170706,35624.03,3.47,22.5,51.27,18.67,7.4,11242.0,0.0,0,0.0,0,0.0,0.0,0.0
603980,吉华集团,染料涂料,浙江,23.03,1.0,5.0,470671.81,334144.75,103211.5,154967.3,3.1,0.7,7.75,2.4,20170615,166502.44,3.33,0.0,0.0,32.15,15.86,46339.0,0.0,0,0.0,0,0.0,0.0,0.0
603879,永悦科技,化工原料,福建,45.06,0.36,1.44,54867.86,45841.7,5717.64,24257.45,1.68,0.253,3.55,4.29,20170614,10044.87,0.7,0.0,0.0,18.72,8.92,8331.0,0.0,0,0.0,0,0.0,0.0,0.0
603860,中公高科,公路,北京,105.16,0.17,0.67,64009.55,40183.93,18148.56,22071.03,3.31,0.31,7.93,4.41,20170802,21428.01,3.21,0.0,0.0,51.82,15.21,9201.0,0.0,0,0.0,0,0.0,0.0,0.0
002919,名臣健康,日用化工,广东,60.62,0.2,0.81,46302.28,0.0,0.0,0.0,0.0,0.441,6.51,5.47,20171218,0.0,0.0,0.0,0.0,0.0,7.77,43677.0,16.58,42.17,154.34258142340173,10,46.94,183.1121833534379,35.63
603329,上海雅仕,仓储物流,上海,60.63,0.33,1.32,84900.68,72657.6,0.0,0.0,0.0,0.38799999999999996,3.99,7.86,20171229,0.0,0.0,0.0,0.0,0.0,4.37,35041.0,0.0,0,0.0,0,0.0,0.0,0.0
002915,中欣氟材,化工原料,浙江,86.78,0.28,1.12,48299.94,19818.9,24447.76,4363.41,0.39,0.312,4.05,8.9,20171205,14747.07,1.32,0.0,0.0,29.18,12.97,22760.0,7.72,35.0,353.3678756476684,16,49.99,547.5388601036269,36.06
002923,润都股份,化学制药,广东,45.6,0.25,1.0,64912.15,35518.1,0.0,0.0,0.0,0.6859999999999999,6.22,6.7,20180105,0.0,0.0,0.0,0.0,61.74,12.26,51368.0,22.45,48.29,115.10022271714922,8,52.49,133.8084632516704,41.7
002892,科力尔,电气设备,湖南,39.86,0.18,0.84,67042.0,49512.68,15872.62,35643.1,4.26,0.638,6.64,5.11,20170817,10611.71,1.27,0.0,0.0,27.11,12.35,17150.0,21.07,59.03,180.16136687233032,11,65.59,211.2956810631229,33.9
002872,天圣制药,化学制药,重庆,31.27,0.53,2.12,465474.0,208256.16,109920.42,153835.63,7.26,0.87,14.32,2.19,20170519,119979.36,5.66,0.0,0.0,30.21,9.89,33381.0,26.84,47.97,78.725782414307,5,52.77,96.60953800298064,31.36
603926,铁流股份,汽车配件,浙江,27.06,0.3,1.2,143241.22,105450.75,23937.82,57120.42,4.76,1.02,9.74,2.53,20170510,40388.53,3.37,17.66,-2.43,31.62,12.82,13800.0,0.0,0,0.0,0,0.0,0.0,0.0
601828,美凯龙,其他商业,上海,15.24,3.15,39.39,9701462.0,1456749.25,15886.25,536211.56,1.36,1.13,11.16,1.41,20180117,2825469.25,7.17,16.14,20.04,71.14,37.21,261197.0,12.28,22.38,82.24755700325733,6,24.1,96.2540716612378,15.78
002917,金奥博,化工原料,深圳,50.78,0.28,1.13,44838.18,38593.87,2051.57,8036.18,0.71,0.439,5.35,5.55,20171208,12435.57,1.1,0.0,0.0,35.3,16.46,19691.0,13.97,27.1,93.98711524695776,6,36.62,162.13314244810306,29.71
603882,金域医学,医疗保健,广东,71.87,0.69,4.58,343221.06,207353.81,98136.93,83441.15,1.82,0.38,3.63,8.51,20170908,35782.68,0.78,0.0,0.0,41.56,5.27,62709.0,0.0,0,0.0,0,0.0,0.0,0.0
603226,菲林格尔,家居用品,上海,30.65,0.22,0.9,96922.53,61072.35,28707.14,32178.18,3.59,0.85,8.17,3.43,20170615,26365.56,2.94,0.0,0.0,32.28,10.34,10311.0,0.0,0,0.0,0,0.0,0.0,0.0
603665,康隆达,纺织,浙江,49.92,0.37,1.0,114643.61,69098.95,30936.02,58865.8,5.89,0.77,9.27,3.89,20170313,20139.9,2.01,7.15,-22.94,30.99,9.42,14364.0,0.0,0,0.0,0,0.0,0.0,0.0
603586,金麒麟,汽车配件,山东,23.85,0.53,2.16,271447.72,179894.56,67281.07,123789.72,5.74,0.75,10.14,2.1,20170406,58559.61,2.72,0.0,0.0,32.06,12.93,29476.0,0.0,0,0.0,0,0.0,0.0,0.0
603533,掌阅科技,互联网,北京,154.33,0.41,4.01,132339.11,124091.07,1474.93,36951.85,0.92,0.27,2.4,20.85,20170921,17953.92,0.45,0.0,0.0,29.73,7.92,42076.0,0.0,0,0.0,0,0.0,0.0,0.0
603711,香飘飘,软饮料,浙江,78.86,0.4,4.0,214295.91,121657.47,60376.19,0.0,0.0,0.205,3.43,6.28,20171130,82702.07,2.07,0.0,0.0,38.34,6.11,39802.0,0.0,0,0.0,0,0.0,0.0,0.0
300649,杭州园林,建筑施工,浙江,191.3,0.32,1.28,32914.53,14475.92,1172.79,6668.86,0.52,0.29,2.33,15.93,20170505,8485.49,0.66,0.0,0.0,56.68,19.6,20014.0,11.94,56.0,369.0117252931324,16,108.46,808.3752093802345,37.05
300737,科顺股份,其他建材,广东,40.07,1.53,6.11,240643.55,171179.17,26359.14,58892.38,0.96,0.27399999999999997,3.15,4.64,20180125,29041.74,0.48,0.0,0.0,38.34,11.81,281200.0,11.94,20.22,69.3467336683417,5,21.8,82.57956448911224,14.63
603648,畅联股份,仓储物流,上海,41.27,0.92,3.69,181480.97,129244.95,28878.7,90418.13,2.45,0.43,4.14,4.32,20170913,20402.98,0.55,0.0,0.0,27.63,13.54,58370.0,0.0,0,0.0,0,0.0,0.0,0.0
300731,科创新源,橡胶,深圳,50.71,0.22,0.87,26369.38,23502.03,1737.75,9434.82,1.08,0.532,3.37,10.68,20171208,5390.14,0.62,0.0,0.0,48.54,25.94,45956.0,15.89,35.51,123.47388294524856,8,46.88,195.02831969792322,35.94
603113,金能科技,化工原料,山东,16.26,0.77,6.76,546696.06,287091.03,171670.19,178419.38,2.64,0.95,5.59,3.44,20170511,121673.02,1.8,0.0,0.0,19.35,12.36,28187.0,0.0,0,0.0,0,0.0,0.0,0.0
300629,新劲刚,矿物制品,广东,186.72,0.29,0.67,47168.65,35438.55,8936.07,14686.15,2.2,0.22,5.24,9.42,20170324,11378.78,1.71,0.0,0.0,32.2,7.89,7239.0,9.94,49.3,395.97585513078474,17,66.78,571.830985915493,49.34
300702,天宇股份,化学制药,浙江,34.55,0.3,1.2,227654.02,142482.38,60854.73,69462.38,5.79,1.18,10.76,3.79,20170919,43640.03,3.64,0.0,0.0,39.88,12.02,21856.0,26.89,61.36,128.1889178133135,8,69.1,156.97285236147263,40.73
601200,上海环境,环境保护,上海,26.06,6.72,7.03,1238381.38,225623.91,32051.48,228895.59,3.26,0.72,7.68,2.44,20170331,227464.77,3.24,0.59,8.79,33.71,19.72,110763.0,24.41,35.27,44.48996312986482,4,42.37,73.57640311347808,18.78
002883,中设股份,建筑施工,江苏,61.79,0.13,0.53,42931.45,38665.8,1968.18,20463.71,3.84,0.75,7.13,7.44,20170620,10092.4,1.89,0.0,0.0,48.81,20.65,10529.0,18.8,50.01,166.0106382978723,9,68.6,264.8936170212766,53.06
603506,南都物业,房产服务,浙江,45.89,0.2,0.79,72642.0,0.0,0.0,0.0,0.0,0.637,4.35,8.95,20180201,0.0,0.0,0.0,0.0,0.0,8.71,18531.0,0.0,0,0.0,0,0.0,0.0,0.0
300625,三雄极光,半导体,广东,28.59,0.91,2.8,271604.44,225907.66,23129.76,120833.67,4.32,0.67,8.07,2.9,20170317,60387.82,2.16,0.0,0.0,33.28,10.85,44932.0,23.16,61.3,164.6804835924007,9,65.0,180.65630397236615,23.44
300686,智动力,元器件,深圳,97.04,0.31,1.29,82332.45,54955.17,14186.82,22831.75,1.76,0.25,4.95,4.86,20170804,22156.61,1.71,0.0,0.0,23.38,5.83,20948.0,11.27,21.03,86.60159716060339,6,39.81,253.2386867790595,24.06
603516,淳中科技,通信设备,北京,54.81,0.23,0.94,29737.55,0.0,0.0,0.0,0.0,0.7709999999999999,3.89,14.48,20180202,0.0,0.0,0.0,0.0,0.0,38.54,25503.0,0.0,0,0.0,0,0.0,0.0,0.0
603730,岱美股份,汽车配件,上海,23.68,0.48,4.1,381082.38,285626.47,57010.78,107669.61,2.62,1.53,7.57,4.43,20170728,148395.0,3.62,18.36,30.88,37.05,17.92,21700.0,0.0,0,0.0,0,0.0,0.0,0.0
603536,惠发股份,食品,山东,37.52,0.3,1.2,101594.21,38642.51,46578.51,22623.38,1.89,0.58,5.37,3.52,20170613,27843.61,2.32,5.47,43.36,26.74,6.43,6440.0,0.0,0,0.0,0,0.0,0.0,0.0
300711,广哈通信,通信设备,广东,83.5,0.36,1.44,34718.62,30575.38,1612.71,2483.85,0.17,0.245,2.48,11.0,20171101,11660.6,0.81,0.0,0.0,53.03,20.22,71217.0,10.02,35.7,256.28742514970065,12,37.72,276.4471057884232,27.29
603286,日盈电子,汽车配件,江苏,87.58,0.22,0.88,53838.32,28884.89,20318.96,19227.05,2.18,0.28,4.65,5.76,20170627,10942.75,1.24,0.0,0.0,32.99,9.44,8799.0,0.0,0,0.0,0,0.0,0.0,0.0
300716,国立科技,塑料,广东,54.33,0.27,1.07,72146.3,37835.76,19304.75,25749.32,2.41,0.358,6.09,4.25,20171109,13933.13,1.31,0.0,0.0,21.15,7.44,54627.0,14.57,31.02,112.90322580645162,8,36.1,147.7693891557996,25.91
600933,爱柯迪,汽车配件,浙江,24.56,1.38,8.45,287977.84,135828.06,89258.43,49523.55,0.59,0.415,2.86,4.75,20171117,72349.85,0.86,0.0,0.0,39.89,22.38,119368.0,13.21,21.8,65.02649507948523,4,22.6,71.08251324753974,13.59
002852,道道全,食品,湖南,25.77,0.74,1.7,244245.3,174662.98,56876.41,121628.07,7.15,0.893,11.29,2.72,20170310,56810.3,3.34,0.0,0.0,12.13,6.55,24229.0,56.76,155.69,174.29527836504582,10,160.6,182.94573643410854,30.69
300691,联合光电,元器件,广东,66.26,0.21,0.88,114787.55,89419.17,19724.1,47051.6,5.37,1.04,9.02,7.77,20170811,18754.45,2.14,0.0,0.0,22.18,10.67,10931.0,19.15,82.49,330.75718015665797,14,113.21,491.1749347258486,70.13
603179,新泉股份,汽车配件,江苏,25.17,0.67,1.62,311865.47,216924.05,56070.76,74120.46,4.57,1.65,8.26,4.7,20170317,45672.8,2.81,80.91,120.07,24.57,8.08,11225.0,0.0,0,0.0,0,0.0,0.0,0.0
002918,蒙娜丽莎,其他建材,广东,23.06,0.39,1.58,251588.5,194264.8,36481.32,33384.01,2.12,1.496,14.06,3.27,20171219,54358.8,3.45,0.0,0.0,35.89,11.44,30385.0,37.55,60.7,61.65113182423437,4,67.2,78.9613848202397,46.0
603801,志邦股份,家居用品,安徽,45.18,0.4,1.6,262032.92,187317.56,60749.43,94055.46,5.88,1.67,10.62,6.23,20170630,53372.11,3.34,37.38,31.74,34.9,10.86,9438.0,0.0,0,0.0,0,0.0,0.0,0.0
603380,易德龙,元器件,江苏,37.24,0.4,1.6,87920.5,68171.32,17193.3,36692.18,2.29,0.51,4.17,5.08,20170622,12549.42,0.78,0.0,0.0,25.88,11.14,18128.0,0.0,0,0.0,0,0.0,0.0,0.0
002879,长缆科技,电气设备,湖南,37.54,0.35,1.38,168755.56,143914.11,18296.42,76383.56,5.54,1.03,10.12,3.25,20170707,43064.55,3.12,12.87,4.98,54.73,19.61,18500.0,23.78,36.7,54.3313708999159,5,67.0,181.7493692178301,32.92
603321,梅轮电梯,运输设备,浙江,40.86,0.77,3.07,148733.13,114447.96,20439.25,34486.31,1.12,0.27,3.22,3.5,20170915,30271.75,0.99,0.0,0.0,30.2,11.45,59312.0,0.0,0,0.0,0,0.0,0.0,0.0
300664,鹏鹞环保,环境保护,江苏,37.51,0.8,4.8,366330.94,73137.24,0.0,0.0,0.0,0.426,5.55,3.84,20180105,0.0,0.0,0.0,0.0,0.0,34.0,65566.0,10.66,25.99,143.80863039399622,8,27.4,157.0356472795497,21.32
603388,元成股份,建筑施工,浙江,46.68,0.84,2.06,130706.17,112869.2,4097.78,26115.92,1.27,0.27,3.76,4.41,20170324,25151.52,1.22,0.0,0.0,24.67,10.76,15771.0,0.0,0,0.0,0,0.0,0.0,0.0
603813,原尚股份,仓储物流,广东,49.42,0.22,0.88,71464.55,35604.9,20760.7,23223.07,2.63,0.57,6.25,4.53,20170918,21145.42,2.4,0.0,0.0,26.45,13.4,18615.0,0.0,0,0.0,0,0.0,0.0,0.0
603685,晨丰科技,电气设备,浙江,25.6,0.25,1.0,53617.93,35750.23,14483.5,15361.94,1.54,0.885,5.52,5.47,20171127,17650.64,1.77,0.0,0.0,27.61,15.24,27290.0,0.0,0,0.0,0,0.0,0.0,0.0
002926,华西证券,证券,四川,31.27,5.25,26.25,4695533.0,0.0,0.0,0.0,0.0,0.32299999999999995,6.08,2.21,20180205,0.0,0.0,0.0,0.0,0.0,41.9,935684.0,11.35,16.66,46.784140969163,3,18.13,59.73568281938325,13.45
603197,保隆科技,汽车配件,上海,27.34,0.29,1.19,237594.52,176538.06,41364.0,68867.17,5.77,1.43,10.92,4.05,20170519,44671.05,3.74,0.0,0.0,35.3,9.61,9846.0,0.0,0,0.0,0,0.0,0.0,0.0
603676,卫信康,化学制药,西藏,74.71,0.63,4.23,93081.96,63901.9,15571.84,25683.25,0.61,0.21,1.97,9.22,20170721,12497.96,0.3,0.0,0.0,59.47,27.47,29886.0,0.0,0,0.0,0,0.0,0.0,0.0
603505,金石资源,矿物制品,浙江,78.05,0.6,2.4,107938.77,17404.68,32116.75,17569.73,0.73,0.23,2.91,7.31,20170503,26345.59,1.1,0.0,0.0,42.99,20.51,26997.0,0.0,0,0.0,0,0.0,0.0,0.0
603278,大业股份,钢加工,山东,29.7,0.52,2.08,281651.06,205828.97,63409.53,68248.06,3.28,0.82,6.55,2.86,20171113,42338.26,2.04,34.52,-8.11,17.0,6.97,30557.0,0.0,0,0.0,0,0.0,0.0,0.0
603797,联泰环保,环境保护,广东,61.05,0.53,2.13,271260.78,34505.95,825.09,48772.23,2.29,0.24,4.69,3.63,20170413,28586.76,1.34,0.0,0.0,61.37,32.23,21234.0,0.0,0,0.0,0,0.0,0.0,0.0
603225,新凤鸣,化纤,浙江,13.66,1.08,8.43,1105089.63,351667.75,550128.56,193685.11,2.3,1.776,7.78,3.12,20170418,386403.22,4.58,31.39,104.57,12.33,6.52,36229.0,0.0,0,0.0,0,0.0,0.0,0.0
300636,同和药业,化学制药,江西,35.62,0.2,0.81,69919.5,44855.65,17977.23,38564.71,4.74,0.7,7.63,3.95,20170331,16376.65,2.01,0.0,0.0,37.51,23.19,13310.0,18.94,40.19,112.19640971488909,9,45.0,137.5923970432946,30.13
300644,南京聚隆,塑料,江苏,53.36,0.16,0.64,82547.78,60597.23,18706.01,7448.47,1.16,0.882,8.83,5.33,20180206,25969.65,4.06,13.33,-28.26,17.55,5.51,31946.0,21.64,38.51,77.95748613678371,6,58.99,172.59704251386322,47.05
603056,德邦股份,仓储物流,上海,43.38,1.0,9.6,608186.88,362515.31,152871.45,0.0,0.0,0.373,3.35,6.43,20180116,183779.47,1.91,0.0,0.0,12.93,2.44,88497.0,0.0,0,0.0,0,0.0,0.0,0.0
601228,广州港,港口,广东,45.23,14.43,61.93,2222245.75,368693.16,1246337.63,186195.02,0.3,0.091,1.93,2.83,20170329,353962.28,0.57,0.0,0.0,26.5,9.47,158841.0,2.75,10.04,265.09090909090907,13,11.62,322.5454545454545,5.48
603809,豪能股份,汽车配件,四川,22.0,0.27,1.07,156340.47,80490.17,60165.13,2432.62,0.23,1.055,11.18,2.77,20171128,74688.11,7.0,0.0,0.0,36.77,19.3,29451.0,0.0,0,0.0,0,0.0,0.0,0.0
300719,安达维尔,航空,北京,472.2,0.42,1.68,58974.3,47737.53,0.0,0.0,0.0,0.046,5.72,5.03,20171109,0.0,0.0,0.0,0.0,0.0,3.56,31543.0,14.63,33.6,129.66507177033492,8,36.06,146.47983595352017,28.76
603363,傲农生物,饲料,福建,64.15,0.6,4.26,239774.7,122314.36,60631.2,19667.67,0.46,0.25,1.93,9.41,20170926,16039.01,0.38,0.0,0.0,19.77,2.62,59040.0,0.0,0,0.0,0,0.0,0.0,0.0
300669,沪宁股份,机械基件,浙江,48.44,0.21,0.84,48837.25,39106.51,5150.05,28834.52,3.42,0.45,5.18,4.71,20170629,5873.83,0.7,0.0,0.0,35.24,16.33,11973.0,13.2,30.16,128.4848484848485,8,33.0,150.0,24.41
601878,浙商证券,证券,浙江,39.93,3.33,33.33,5292037.5,0.0,95686.59,398078.09,1.19,0.34,4.05,3.14,20170626,403956.72,1.21,0.34,-14.29,0.0,23.07,93300.0,12.17,17.01,39.76992604765819,4,24.19,98.7674609695974,12.74
603617,君禾股份,专用机械,浙江,40.13,0.25,1.0,57884.06,42049.15,12312.37,19398.45,1.94,0.48,4.55,4.91,20170703,14454.92,1.45,0.0,0.0,26.24,9.71,11297.0,0.0,0,0.0,0,0.0,0.0,0.0
300688,创业黑马,综合类,北京,168.12,0.17,0.68,41396.55,40351.37,380.64,21506.17,3.16,0.41,5.14,13.86,20170810,6212.93,0.91,0.0,0.0,56.91,17.97,15720.0,12.9,98.16,660.9302325581396,20,104.18,707.5968992248062,71.25
601326,秦港股份,港口,河北,27.23,5.58,55.87,2716880.75,497159.41,1609387.63,520352.0,0.93,0.17,2.43,2.29,20170816,169001.31,0.3,0.0,0.0,38.17,16.39,176099.0,2.81,11.06,293.5943060498221,14,12.44,342.7046263345195,5.56
300741,华宝股份,食品,西藏,24.45,0.62,6.16,622079.06,457391.06,27562.1,235606.55,3.83,1.864,10.11,4.51,20180301,240958.8,3.91,-15.96,-9.13,78.44,52.24,116925.0,46.32,54.84,18.393782383419698,1,59.95,29.425734024179626,45.57
603661,恒林股份,家居用品,浙江,23.97,0.25,1.0,124673.0,74874.81,29997.81,1315.32,0.13,1.636,10.82,4.83,20171121,68554.25,6.86,0.0,0.0,27.36,11.47,26922.0,0.0,0,0.0,0,0.0,0.0,0.0
002881,美格智能,通信设备,深圳,101.08,0.27,1.07,77346.85,67621.35,8601.21,24616.73,2.31,0.28,4.65,6.85,20170622,10081.98,0.95,0.0,0.0,23.32,5.7,13362.0,11.83,35.71,201.85967878275574,11,41.8,253.33896872358412,31.85
603721,中广天择,影视音像,湖南,34.11,0.25,1.0,61893.11,47351.05,2055.42,25867.75,2.59,0.73,5.36,4.84,20170811,16323.5,1.63,0.0,0.0,32.12,20.42,14613.0,0.0,0,0.0,0,0.0,0.0,0.0
603156,养元饮品,软饮料,河北,18.53,0.43,5.38,835464.31,634560.81,66841.34,0.0,0.0,2.915,13.24,5.44,20180212,580935.38,10.8,0.0,0.0,47.63,28.72,41616.0,0.0,0,0.0,0,0.0,0.0,0.0
002861,瀛通通讯,通信设备,湖北,39.69,0.31,1.23,114504.86,86278.3,18259.1,45666.53,3.72,0.57,8.31,3.24,20170413,40755.85,3.32,0.0,0.0,30.24,11.99,21554.0,20.7,42.69,106.23188405797102,7,47.78,130.82125603864733,26.96
002876,三利谱,元器件,深圳,62.79,0.2,0.8,174328.63,124001.57,34008.53,36625.09,4.58,0.81,10.64,5.49,20170525,36815.03,4.6,0.0,0.0,27.49,9.14,6306.0,22.94,52.5,128.85789014821273,8,89.37,289.5815170008719,58.4
603683,晶华新材,化工原料,上海,66.64,0.32,1.27,88089.88,39970.21,15752.0,13909.86,1.1,0.33,5.28,4.2,20171020,25649.57,2.02,0.0,0.0,23.95,6.04,32784.0,0.0,0,0.0,0,0.0,0.0,0.0
601019,山东出版,出版业,山东,16.49,2.67,20.87,1068312.38,725092.69,163901.67,-16731.32,-0.08,0.462,3.12,3.26,20171122,384289.41,1.84,0.0,0.0,35.41,15.33,245615.0,12.19,16.79,37.73584905660377,3,18.5,51.76374077112387,10.16
603180,金牌厨柜,家居用品,福建,64.72,0.17,0.68,158026.97,97576.7,43106.1,44441.73,6.58,2.78,12.81,12.48,20170512,30902.05,4.58,31.22,73.29,39.14,11.56,8276.0,0.0,0,0.0,0,0.0,0.0,0.0
601108,财通证券,证券,浙江,34.07,3.59,35.89,4966410.5,0.0,7868.71,466297.5,1.3,0.337,5.03,3.04,20171024,528287.19,1.47,0.0,0.0,0.0,38.73,293571.0,13.66,22.95,68.00878477306001,4,26.12,91.21522693997072,15.32
603829,洛凯股份,电气设备,江苏,52.87,0.4,1.6,61186.76,38010.1,12431.8,12584.96,0.79,0.33,2.85,6.2,20171017,8523.05,0.53,0.0,0.0,22.41,11.15,39079.0,0.0,0,0.0,0,0.0,0.0,0.0
603385,惠达卫浴,家居用品,河北,21.18,0.71,2.84,400481.13,224646.7,100791.5,99937.15,3.52,0.626,9.25,1.91,20170405,154972.77,5.45,0.0,0.0,26.95,8.6,29023.0,0.0,0,0.0,0,0.0,0.0,0.0
603331,百达精工,专用机械,浙江,34.46,0.32,1.27,95787.5,60589.91,28118.6,31593.4,2.48,0.48,5.23,3.52,20170705,20081.02,1.58,0.0,0.0,27.2,9.8,13905.0,0.0,0,0.0,0,0.0,0.0,0.0
300640,德艺文创,文教休闲,福建,48.46,0.2,0.8,34137.28,30093.7,1827.76,13812.7,1.73,0.36700000000000005,3.56,6.67,20170417,4299.71,0.54,0.0,0.0,21.72,8.3,7521.0,11.29,40.22,256.2444641275465,12,42.5,276.4393268379097,23.72
002911,佛燃股份,供气供热,广东,41.6,0.56,5.56,520045.91,160967.56,266746.31,65888.21,1.19,0.69,4.3,6.04,20171122,100769.68,1.81,13.89,3.04,20.2,8.09,39003.0,16.73,27.46,64.13628212791393,4,38.86,132.27734608487745,25.99
603955,大千生态,环境保护,江苏,42.78,0.55,0.87,178683.34,106994.5,537.01,58355.85,6.71,0.69,11.99,2.99,20170310,33149.3,3.81,26.33,37.56,28.05,11.87,12367.0,0.0,0,0.0,0,0.0,0.0,0.0
603916,苏博特,化工原料,江苏,35.15,0.76,3.04,273293.63,156607.23,65448.21,101374.03,3.33,0.57,6.16,2.51,20171110,49649.15,1.63,27.84,0.64,37.6,7.97,36613.0,0.0,0,0.0,0,0.0,0.0,0.0
603856,东宏股份,塑料,山东,25.18,0.49,1.97,137082.3,104136.96,21327.65,27259.3,1.38,0.519,6.25,2.79,20171106,46077.73,2.34,0.0,0.0,23.25,10.74,21851.0,0.0,0,0.0,0,0.0,0.0,0.0
603659,璞泰来,化工原料,上海,39.75,0.64,4.33,289609.25,238756.02,23142.92,12072.73,0.28,0.7490000000000001,3.58,11.08,20171103,82797.93,1.91,0.0,0.0,37.76,20.89,21444.0,0.0,0,0.0,0,0.0,0.0,0.0
603538,美诺华,化学制药,浙江,56.48,0.3,1.2,147854.56,83366.35,23269.36,50696.32,4.22,0.32,9.23,2.42,20170407,47035.69,3.92,0.0,0.0,33.77,8.29,9813.0,0.0,0,0.0,0,0.0,0.0,0.0
601952,苏垦农发,种植业,江苏,24.25,2.6,10.6,618453.5,471937.16,121116.27,231411.91,2.18,0.42,4.75,2.49,20170515,148163.52,1.4,0.0,0.0,20.54,13.77,80260.0,11.18,18.43,64.8479427549195,4,19.65,75.7602862254025,11.8
601619,嘉泽新能,新型电力,宁夏,92.57,1.94,19.33,892807.63,142633.19,620693.31,19287.9,0.1,0.09,1.26,6.28,20170720,28734.38,0.15,20.24,20.44,54.69,19.83,70322.0,1.51,8.31,450.3311258278146,17,13.78,812.5827814569536,7.9
300662,科锐国际,综合类,北京,49.27,0.45,1.8,88471.28,80959.93,733.37,22610.23,1.26,0.38,3.47,5.98,20170608,19258.1,1.07,0.0,0.0,22.77,6.89,9529.0,7.86,25.83,228.62595419847327,11,28.76,265.90330788804073,20.74
300659,中孚信息,软件服务,山东,68.46,0.2,0.83,54668.71,47607.76,4012.51,25115.65,3.03,0.67,4.96,8.1,20170526,7519.12,0.91,30.21,0.54,64.38,17.29,12300.0,15.42,40.35,161.67315175097275,9,46.88,204.0207522697795,40.21
300656,民德电子,电脑设备,深圳,84.04,0.13,0.6,44773.3,42437.73,839.55,22773.22,3.8,0.75,6.99,8.11,20170519,11457.46,1.91,0.58,-12.63,49.55,33.02,5363.0,18.72,51.6,175.64102564102566,10,59.76,219.23076923076925,56.67
300624,万兴科技,软件服务,西藏,143.9,0.2,0.8,27383.02,8821.16,0.0,0.0,0.0,0.657,4.28,29.44,20180118,0.0,0.0,0.0,0.0,0.0,15.58,40002.0,21.85,61.0,179.1762013729977,10,125.99,476.6132723112127,125.99
002866,传艺科技,电脑设备,江苏,50.19,0.36,1.44,101783.86,83007.15,11888.08,49112.9,3.42,0.47,6.08,4.6,20170426,22649.47,1.58,0.0,0.0,26.15,12.37,15393.0,16.08,35.0,117.66169154228858,7,39.0,142.53731343283584,27.97
002864,盘龙药业,中成药,陕西,103.28,0.22,0.87,54193.88,33766.15,10398.67,10890.53,1.26,0.382,8.34,6.3,20171116,17190.42,1.98,0.0,0.0,69.51,12.11,19315.0,12.04,30.65,154.56810631229237,10,52.58,336.7109634551495,52.58
002857,三晖电气,电器仪表,河南,75.27,0.28,0.8,49325.8,45295.87,1106.37,16406.4,2.05,0.19899999999999998,5.32,3.76,20170323,14372.49,1.8,1.67,-29.52,38.26,12.48,7366.0,12.31,42.96,248.98456539398862,12,43.98,257.2705117790414,20.01
603833,欧派家居,家居用品,广东,46.98,0.9,4.21,901359.31,460835.81,162250.63,290630.72,6.91,2.34,14.57,9.65,20170328,267802.22,6.37,0.0,0.0,35.19,13.68,12727.0,0.0,0,0.0,0,0.0,0.0,0.0
603139,康惠制药,中成药,陕西,51.5,0.25,1.0,94826.35,81229.31,5390.8,41201.68,4.13,0.41,8.85,2.82,20170421,33866.51,3.39,0.0,0.0,57.1,15.64,13137.0,0.0,0,0.0,0,0.0,0.0,0.0
300626,华瑞股份,电气设备,浙江,41.25,0.52,1.0,88886.0,57837.07,24193.31,21015.75,2.1,0.42100000000000004,4.46,5.2,20170320,15683.57,1.57,0.0,0.0,21.68,7.01,8553.0,9.0,38.05,322.7777777777777,14,38.4,326.6666666666667,23.17
603768,常青股份,汽车配件,安徽,27.08,0.7,2.04,249811.8,150637.97,72097.18,79663.78,3.91,0.67,8.12,2.08,20170324,60044.81,2.94,28.41,-14.25,19.05,6.64,23155.0,0.0,0,0.0,0,0.0,0.0,0.0
002898,赛隆药业,化学制药,广东,60.9,0.4,1.6,68440.71,49048.96,6112.75,30446.93,1.9,0.293,3.87,6.16,20170912,13025.37,0.81,0.0,0.0,69.99,18.81,26489.0,10.83,33.19,206.4635272391505,11,34.15,215.32779316712833,23.82
002899,英派斯,文教休闲,山东,36.21,0.3,1.2,118624.8,94746.56,17900.74,62523.36,5.21,0.67,7.93,3.08,20170915,16727.21,1.39,0.0,0.0,37.44,10.74,23490.0,19.26,45.83,137.95430944963653,8,49.53,157.1651090342679,24.39
603655,朗博科技,汽车配件,江苏,74.72,0.27,1.06,33882.87,17456.89,14246.38,16674.9,1.57,0.235,3.86,6.07,20171229,5691.89,0.54,0.0,0.0,46.18,18.79,28308.0,0.0,0,0.0,0,0.0,0.0,0.0
603709,中源家居,家居用品,浙江,36.55,0.2,0.8,41752.76,0.0,0.0,0.0,0.0,0.706,2.42,14.2,20180208,0.0,0.0,0.0,0.0,0.0,9.68,19998.0,0.0,0,0.0,0,0.0,0.0,0.0
001965,招商公路,路桥,北京,15.45,5.55,61.78,5978384.5,1058908.75,0.0,0.0,0.0,0.455,6.98,1.34,20171225,0.0,0.0,0.0,0.0,0.0,75.41,0.0,11.0,11.44,3.9999999999999956,0,15.38,39.81818181818182,9.37
603970,中农立华,其他商业,北京,38.4,0.33,1.33,239227.95,214653.55,5559.5,540.77,0.04,0.544,3.78,7.38,20171116,21996.17,1.65,0.0,0.0,11.33,2.51,35402.0,0.0,0,0.0,0,0.0,0.0,0.0
603043,广州酒家,食品,广东,27.9,0.5,4.04,251119.47,210599.77,26091.11,56473.0,1.4,0.54,3.87,4.73,20170627,50270.12,1.24,0.0,0.0,53.95,11.76,21956.0,0.0,0,0.0,0,0.0,0.0,0.0
600901,江苏租赁,多元金融,江苏,25.54,6.4,29.87,4737941.0,0.0,56044.36,103792.31,0.35,0.29,2.59,3.82,20180301,186222.8,0.62,0.0,0.0,0.0,57.45,575923.0,7.5,11.79,57.19999999999998,4,12.82,70.93333333333334,9.88
603680,今创集团,运输设备,江苏,30.68,0.42,4.2,549317.25,394765.72,58971.98,43780.8,1.04,0.958,5.04,7.77,20180227,83832.84,2.0,0.0,0.0,38.62,19.57,40917.0,0.0,0,0.0,0,0.0,0.0,0.0
300696,爱乐达,航空,四川,102.78,0.17,0.69,72619.96,53274.55,14581.25,48251.71,7.0,0.71,10.13,7.47,20170822,9670.87,1.4,0.0,0.0,71.14,52.0,11589.0,26.86,80.06,198.06403574087864,10,101.86,279.22561429635147,75.72
603357,设计总院,建筑施工,安徽,28.78,0.81,3.25,240367.88,217701.97,11370.71,88070.88,2.71,0.66,5.2,3.92,20170801,44660.45,1.38,0.0,0.0,41.28,21.11,49936.0,0.0,0,0.0,0,0.0,0.0,0.0
603580,艾艾精工,化工原料,上海,65.53,0.17,0.67,40125.26,30073.52,8224.38,14630.82,2.19,0.39,5.54,5.33,20170525,14499.17,2.17,0.0,0.0,48.23,19.57,6105.0,0.0,0,0.0,0,0.0,0.0,0.0
600025,华能水电,水力发电,云南,31.62,18.0,180.0,16657994.0,517700.41,9989143.0,1691413.25,0.94,0.09,2.16,1.75,20171215,161660.02,0.09,0.0,0.0,47.18,17.72,1231158.0,2.6,5.06,94.61538461538458,6,6.12,135.3846153846154,3.79
603619,中曼石油,石油开采,上海,33.62,0.4,4.0,400210.31,244724.47,120008.07,102862.55,2.57,0.843,6.18,6.11,20171117,96456.88,2.41,0.0,0.0,48.92,25.31,38847.0,0.0,0,0.0,0,0.0,0.0,0.0
603607,京华激光,造纸,浙江,39.29,0.23,0.91,47358.76,31066.7,8976.87,15172.75,1.67,0.94,5.22,7.05,20171025,13320.15,1.46,0.0,0.0,32.91,15.89,25174.0,0.0,0,0.0,0,0.0,0.0,0.0
603937,丽岛新材,铝,江苏,46.43,0.52,2.09,94653.2,79028.31,12314.5,18406.34,0.88,0.33899999999999997,4.91,4.27,20171102,39431.76,1.89,0.0,0.0,16.13,7.92,52615.0,0.0,0,0.0,0,0.0,0.0,0.0
603356,华菱精工,机械基件,安徽,49.57,0.33,1.33,52746.38,32024.01,0.0,0.0,0.0,0.365,3.3,7.31,20180124,0.0,0.0,0.0,0.0,0.0,10.2,33471.0,0.0,0,0.0,0,0.0,0.0,0.0
002873,新天药业,中成药,贵州,42.08,0.17,0.69,91925.27,57405.9,21257.95,32972.4,4.79,1.04,9.04,5.56,20170519,18090.75,2.63,0.0,0.0,81.09,11.75,9615.0,22.09,47.62,115.57265731100043,8,53.53,142.3268447261204,50.3
603269,海鸥股份,机械基件,江苏,101.97,0.23,0.91,124114.92,100752.27,14144.5,22613.01,2.47,0.23,6.57,4.09,20170517,24357.98,2.66,0.0,0.0,30.2,5.09,12339.0,0.0,0,0.0,0,0.0,0.0,0.0
603963,大理药业,化学制药,云南,64.75,0.25,1.0,62622.2,44925.3,10986.69,23749.92,2.37,0.52,4.58,7.36,20170922,9541.13,0.95,0.0,0.0,63.85,20.0,27488.0,0.0,0,0.0,0,0.0,0.0,0.0
603059,倍加洁,家居用品,江苏,48.71,0.2,0.8,57712.18,27994.39,11581.01,10501.5,1.31,1.082,5.68,9.28,20180302,16202.45,2.03,6.92,27.64,26.26,12.94,19999.0,0.0,0,0.0,0,0.0,0.0,0.0
603757,大元泵业,专用机械,浙江,28.73,0.21,0.84,107870.38,82140.81,20763.63,49251.42,5.88,1.84,10.02,5.68,20170711,25144.03,3.0,0.0,0.0,33.21,16.12,5960.0,0.0,0,0.0,0,0.0,0.0,0.0
603183,建研院,建筑施工,江苏,75.7,0.22,0.88,77187.99,58717.5,6464.78,33245.4,3.78,0.51,6.96,5.51,20170905,19043.57,2.16,0.0,0.0,46.65,11.57,23724.0,0.0,0,0.0,0,0.0,0.0,0.0
601838,成都银行,银行,四川,10.65,3.61,36.12,40991660.0,0.0,102515.2,402383.19,1.11,0.778,7.68,1.44,20180131,1029206.69,2.85,0.0,0.0,0.0,43.06,299572.0,8.39,14.71,75.32777115613825,6,16.6,97.85458879618594,11.05
002910,庄园牧场,乳制品,甘肃,56.95,0.47,1.87,180371.77,87209.15,62579.91,50879.06,2.72,0.46,6.02,3.45,20171031,39948.32,2.13,-5.62,-9.96,30.71,10.88,27589.0,8.95,31.67,253.85474860335202,12,33.68,276.3128491620112,20.78
300658,延江股份,纺织,福建,31.71,0.25,1.0,98673.81,75481.3,15887.67,45316.25,4.53,0.73,7.51,3.52,20170602,15319.26,1.53,0.0,0.0,33.34,11.36,9436.0,23.29,44.2,89.78102189781025,5,45.02,93.30184628595966,26.41
002921,联诚精密,汽车配件,山东,57.93,0.2,0.8,91568.06,40872.6,37956.15,24143.13,3.02,0.461,7.29,4.88,20171227,13568.35,1.7,0.0,0.0,26.63,8.21,40000.0,13.86,40.88,194.94949494949498,10,44.7,222.51082251082255,35.57
603557,起步股份,服饰,浙江,47.08,0.47,4.7,171040.88,128879.05,38515.93,53821.25,1.15,0.33,2.86,6.56,20170818,32333.97,0.69,0.0,0.0,35.66,15.64,29401.0,0.0,0,0.0,0,0.0,0.0,0.0
600903,贵州燃气,供气供热,贵州,181.81,1.22,8.13,751383.75,143656.61,308395.06,40520.62,0.5,0.126,3.3,9.25,20171107,18899.7,0.23,0.0,0.0,21.46,5.34,84526.0,2.65,11.37,329.05660377358487,14,37.49,1314.7169811320757,30.5
603477,振静股份,纺织,四川,53.85,0.6,2.4,97767.67,61670.55,13862.45,12927.05,0.54,0.193,2.66,5.2,20171218,15758.07,0.66,0.0,0.0,18.83,9.71,56235.0,0.0,0,0.0,0,0.0,0.0,0.0
601086,国芳集团,百货,甘肃,56.92,1.6,6.66,281098.53,108232.55,100796.03,32608.55,0.49,0.18,2.68,3.95,20170929,40842.85,0.61,0.0,0.0,17.53,4.37,148540.0,3.79,12.0,216.62269129287603,12,13.45,254.88126649076517,10.58
603289,泰瑞机器,专用机械,浙江,41.27,0.51,2.04,88554.82,68437.21,15267.82,7229.9,0.35,0.31,3.35,5.09,20171031,26118.49,1.28,0.0,0.0,30.63,12.4,48514.0,0.0,0,0.0,0,0.0,0.0,0.0
603517,绝味食品,食品,湖南,28.18,1.64,4.1,321663.97,183053.3,52736.16,76670.93,1.87,0.96,6.28,5.51,20170317,121224.11,2.96,19.07,38.42,35.43,13.07,19175.0,0.0,0,0.0,0,0.0,0.0,0.0
002922,伊戈尔,电气设备,广东,51.31,0.33,1.32,94519.7,58731.76,0.0,0.0,0.0,0.426,5.0,5.83,20171229,0.0,0.0,0.0,0.0,0.0,7.03,65639.0,16.38,33.4,103.90720390720391,8,35.93,119.35286935286936,29.14
300682,朗新科技,软件服务,江苏,0.0,0.45,4.17,125838.76,114508.82,1192.27,30188.83,0.72,-0.05,2.45,10.65,20170801,23927.5,0.57,0.0,0.0,42.48,-8.44,25280.0,6.61,15.55,135.24962178517399,8,34.01,414.5234493192133,26.09
002927,泰永长征,电气设备,贵州,102.38,0.23,0.94,43605.35,35037.03,0.0,0.0,0.0,0.452,4.85,12.71,20180223,0.0,0.0,0.0,0.0,0.0,18.51,48823.0,17.74,55.59,213.35963923337098,11,68.6,286.6967305524239,61.7
603758,秦安股份,汽车配件,重庆,28.44,0.6,4.39,263812.34,129939.22,86446.96,73118.68,1.67,0.39,5.53,2.44,20170517,116821.51,2.66,0.0,0.0,27.94,16.35,26261.0,0.0,0,0.0,0,0.0,0.0,0.0
002928,华夏航空,空运,贵州,41.97,0.41,4.0,548565.06,172783.7,292229.34,23364.48,0.58,0.934,3.19,12.29,20180302,49540.18,1.24,35.17,8.23,21.53,10.85,78828.0,24.77,47.0,89.74566007266856,6,49.3,99.03108599111827,39.22
603229,奥翔药业,化学制药,浙江,70.05,0.4,1.6,68624.13,45903.0,14470.87,22864.82,1.43,0.23,3.4,5.44,20170509,14151.7,0.88,0.0,0.0,60.63,22.65,14088.0,0.0,0,0.0,0,0.0,0.0,0.0
603978,深圳新星,铝,深圳,65.22,0.2,0.8,160043.27,98281.15,41915.01,66081.53,8.26,1.57,16.48,5.17,20170807,53845.75,6.73,27.1,-21.28,21.5,10.36,9087.0,0.0,0,0.0,0,0.0,0.0,0.0
300677,英科医疗,医疗保健,山东,49.26,0.24,0.98,165823.69,85487.75,63891.05,70667.9,7.19,1.75,11.07,6.57,20170721,29952.25,3.05,47.96,68.61,24.92,8.29,11500.0,26.92,43.04,59.88112927191678,5,78.85,192.90490341753338,72.75
603081,大丰实业,专用机械,浙江,54.11,0.52,4.02,254688.41,207715.47,23892.21,47921.59,1.19,0.42,3.64,7.82,20170420,52359.76,1.3,0.0,0.0,30.24,13.99,18587.0,0.0,0,0.0,0,0.0,0.0,0.0
603855,华荣股份,专用机械,上海,42.24,0.83,3.31,217266.92,163933.09,28806.49,67116.92,2.03,0.22,4.11,2.64,20170524,28297.19,0.85,0.0,0.0,51.28,7.06,31092.0,0.0,0,0.0,0,0.0,0.0,0.0
002860,星帅尔,电气设备,浙江,35.44,0.15,0.76,81238.63,55341.25,9874.1,27789.98,3.66,1.26,8.37,4.98,20170412,24722.21,3.25,20.48,21.25,41.74,25.2,10600.0,26.15,55.72,113.07839388145317,8,64.55,146.8451242829828,41.7
002925,盈趣科技,元器件,福建,38.77,0.75,4.55,230804.05,201431.2,14908.24,9387.63,0.21,1.6380000000000001,4.39,19.29,20180115,87310.4,1.92,0.0,0.0,48.9,32.26,140939.0,27.0,77.2,185.92592592592592,10,108.62,302.2962962962963,84.7
